Title,URL handle,Description,Vendor,Product category,Type,Tags,Published on online store,Status,SKU,Barcode,Option1 name,Option1 value,Option1 Linked To,Option2 name,Option2 value,Option2 Linked To,Option3 name,Option3 value,Option3 Linked To,Price,Compare-at price,Cost per item,Charge tax,Tax code,Unit price total measure,Unit price total measure unit,Unit price base measure,Unit price base measure unit,Inventory tracker,Inventory quantity,Continue selling when out of stock,Weight value (grams),Weight unit for display,Requires shipping,Fulfillment service,Product image URL,Image position,Image alt text,Variant image URL,Gift card,SEO title,SEO description,Color (product.metafields.shopify.color-pattern),Google Shopping / Google product category,Google Shopping / Gender,Google Shopping / Age group,Google Shopping / Manufacturer part number (MPN),Google Shopping / Ad group name,Google Shopping / Ads labels,Google Shopping / Condition,Google Shopping / Custom product,Google Shopping / Custom label 0,Google Shopping / Custom label 1,Google Shopping / Custom label 2,Google Shopping / Custom label 3,Google Shopping / Custom label 4,Car make (product.metafields.custom.car_make),Car model (product.metafields.custom.car_model),Screen size (product.metafields.custom.screen_size),Fitted price (product.metafields.custom.fitted_price)
Wireless CarPlay & Android Auto Interface – BMW NBT / NBT EVO,wireless-carplay-interface-bmw-nbt-evo,"<p><strong>Wireless Apple CarPlay and Android Auto on your BMW's original iDrive screen.</strong> No new screen and no cutting of factory wiring, and the standard iDrive menus are always one press away.</p><h3>Why drivers choose it</h3><ul><li>Your phone connects wirelessly a few seconds after you start the car</li><li>Full-screen maps, music, calls and messages on the factory 8.8"" or 10.25"" display</li><li>Control it with the iDrive controller, the touchscreen (where fitted) and your steering wheel buttons</li><li>Keeps your factory reversing camera and parking sensor display</li><li>Calls come through the car's own speakers, with a dedicated microphone for clear audio</li></ul><h3>What's included</h3><ul><li>CarPlay and Android Auto interface module</li><li>Plug-in harness for your iDrive version (choose it above)</li><li>External microphone</li><li>USB socket for wired use and charging</li></ul><h3>Compatibility</h3><ul><li>BMW iDrive NBT (approx. 2013–2016) and NBT EVO ID4, ID5 and ID6 (approx. 2016–2019)</li><li>F-series 1, 2, 3, 4 and 5 Series, X1, X3 and X5 with the factory navigation screen</li><li>Many NBT EVO cars can have CarPlay switched on in software instead. We'll tell you if yours can before you buy</li><li>Not sure which iDrive you have? Send us a photo of your screen and we'll tell you in minutes</li></ul><h3>Fitted at our Dublin 12 workshop</h3><p>Want it fitted? Our technicians install it at our workshop in Ballymount, Dublin 12, with a neat, factory-style finish and everything tested before you drive away. Book a slot online with a <strong>€50 deposit</strong> (it comes off your final bill), or send us your reg and a photo of your dash on WhatsApp and we'll confirm it suits your car first.</p>",MG Car Audio,Vehicles & Parts > Vehicle Parts & Accessories > Motor Vehicle Electronics > Motor Vehicle A/V Players & In-Dash Systems,CarPlay Interface,"carplay-android-auto, best-sellers, make:BMW, type:carplay-interface, wireless-carplay, android-auto, demo-placeholder",TRUE,Active,MG-IF-BMW-NBT,,iDrive system,NBT (approx. 2013–2016),,,,,,,,249.00,,,TRUE,,,,,,shopify,10,DENY,450,g,TRUE,manual,https://mg-car-audio-q8due7cj.myshopify.com/cdn/shop/t/3/assets/mg-img-hero-1.webp,1,Apple CarPlay Now Playing screen on an in-dash display,,FALSE,Wireless CarPlay for BMW NBT & NBT EVO | MG Car Audio,"Wireless Apple CarPlay and Android Auto on your BMW's factory iDrive NBT or NBT EVO screen. Keeps iDrive, camera and wheel controls. Fitted in Dublin 12.",,,,,,,,New,TRUE,,,,,,BMW,"1 Series (F20/F21)
2 Series (F22/F23)
3 Series (F30/F31)
4 Series (F32/F33/F36)
5 Series (F10/F11)
X1 (F48)
X3 (F25)
X5 (F15)",,€350
,wireless-carplay-interface-bmw-nbt-evo,,,,,,,,MG-IF-BMW-EVO4,,,NBT EVO ID4 (approx. 2016–2017),,,,,,,,249.00,,,TRUE,,,,,,shopify,10,DENY,450,g,TRUE,manual,,,,,,,,,,,,,,,,,,,,,,,,,
,wireless-carplay-interface-bmw-nbt-evo,,,,,,,,MG-IF-BMW-EVO56,,,NBT EVO ID5 / ID6 (approx. 2017–2019),,,,,,,,249.00,,,TRUE,,,,,,shopify,10,DENY,450,g,TRUE,manual,,,,,,,,,,,,,,,,,,,,,,,,,
,wireless-carplay-interface-bmw-nbt-evo,,,,,,,,,,,,,,,,,,,,,,,,,,,,,,,,,,,https://static.wixstatic.com/media/c67c38_a37dca29310e41c9a3845bd6232bfa53~mv2.png,2,"BMW widescreen iDrive display showing Apple CarPlay with maps, music and messages",,,,,,,,,,,,,,,,,,,,,,
Wireless CarPlay & Android Auto Interface – Audi MMI 3G / 3G+,wireless-carplay-interface-audi-mmi-3g,"<p><strong>Bring wireless Apple CarPlay and Android Auto to your Audi's MMI screen</strong> and keep the factory look, the MMI dial and your steering wheel buttons exactly as they are.</p><h3>Why drivers choose it</h3><ul><li>Wireless CarPlay and Android Auto on the original fixed or pop-up MMI screen</li><li>Scroll and select with the MMI rotary dial you already know</li><li>Switch back to MMI navigation, radio and car settings at any time</li><li>Your reversing camera and parking display keep working as before</li><li>Hands-free calls, Siri and Google Assistant through the car's speakers</li></ul><h3>What's included</h3><ul><li>CarPlay and Android Auto interface module</li><li>Plug-in harness for MMI 3G or MMI 3G+ (choose it above)</li><li>External microphone</li><li>USB lead for wired use and charging</li></ul><h3>Compatibility</h3><ul><li>Audi MMI 3G (approx. 2009–2012) and MMI 3G+ (approx. 2012–2016)</li><li>A4 (B8), A5 (8T), A6 (C7), A7 (4G), Q5 (8R) and Q7 (4L), depending on the screen fitted</li><li>MMI 2G and newer MIB-based Audis need a different kit. Ask us and we'll quote the right one</li><li>Send us your reg and a photo of your MMI screen and we'll confirm the fit before you buy</li></ul><h3>Fitted at our Dublin 12 workshop</h3><p>Want it fitted? Our technicians install it at our workshop in Ballymount, Dublin 12, with a neat, factory-style finish and everything tested before you drive away. Book a slot online with a <strong>€50 deposit</strong> (it comes off your final bill), or send us your reg and a photo of your dash on WhatsApp and we'll confirm it suits your car first.</p>",MG Car Audio,Vehicles & Parts > Vehicle Parts & Accessories > Motor Vehicle Electronics > Motor Vehicle A/V Players & In-Dash Systems,CarPlay Interface,"carplay-android-auto, make:Audi, type:carplay-interface, wireless-carplay, android-auto, demo-placeholder",TRUE,Active,MG-IF-AUDI-3G,,MMI system,MMI 3G (approx. 2009–2012),,,,,,,,279.00,,,TRUE,,,,,,shopify,10,DENY,450,g,TRUE,manual,https://static.wixstatic.com/media/c67c38_499cf02703c84716bc97648b5d9f121d~mv2.png,1,"Audi dashboard screen running Apple CarPlay, with an iPhone held in front of it",,FALSE,Wireless CarPlay for Audi MMI 3G & 3G+ | MG Car Audio,"Wireless Apple CarPlay and Android Auto for Audi MMI 3G and 3G+ screens. Keeps the MMI dial, camera and wheel buttons. Supplied and fitted in Dublin 12.",,,,,,,,New,TRUE,,,,,,Audi,"A4 (B8)
A5 (8T)
A6 (C7)
A7 (4G)
Q5 (8R)
Q7 (4L)",,€399
,wireless-carplay-interface-audi-mmi-3g,,,,,,,,MG-IF-AUDI-3GP,,,MMI 3G+ (approx. 2012–2016),,,,,,,,279.00,,,TRUE,,,,,,shopify,10,DENY,450,g,TRUE,manual,,,,,,,,,,,,,,,,,,,,,,,,,
Wireless CarPlay & Android Auto Interface – Mercedes-Benz NTG 4.5 / NTG 5,wireless-carplay-interface-mercedes-ntg,"<p><strong>Wireless Apple CarPlay and Android Auto on your Mercedes-Benz factory screen</strong>, controlled with the COMAND dial or touchpad you already use every day.</p><h3>Why drivers choose it</h3><ul><li>Wireless CarPlay and Android Auto on the original Audio 20 or COMAND Online display</li><li>Works with the rotary controller, touchpad and steering wheel buttons</li><li>Original Mercedes menus, radio and car settings stay one press away</li><li>Keeps your factory reversing camera and parking display</li><li>Clear hands-free calls through the car's own speakers</li></ul><h3>What's included</h3><ul><li>CarPlay and Android Auto interface module</li><li>Plug-in harness for NTG 4.5/4.7 or NTG 5/5.1 (choose it above)</li><li>External microphone</li><li>USB lead for wired use and charging</li></ul><h3>Compatibility</h3><ul><li>Mercedes-Benz NTG 4.5 / 4.7 (approx. 2012–2015) and NTG 5 / 5.1 (approx. 2014–2019)</li><li>A-Class (W176), B-Class (W246), C-Class (W204 facelift and W205), CLA (C117), GLA (X156), E-Class (W212), GLC (X253), ML/GLE (W166)</li><li>Many NTG 5.5 and MBUX cars already offer smartphone integration. We'll check yours first</li><li>Send us your reg and a photo of your screen and we'll confirm the fit before you buy</li></ul><h3>Fitted at our Dublin 12 workshop</h3><p>Want it fitted? Our technicians install it at our workshop in Ballymount, Dublin 12, with a neat, factory-style finish and everything tested before you drive away. Book a slot online with a <strong>€50 deposit</strong> (it comes off your final bill), or send us your reg and a photo of your dash on WhatsApp and we'll confirm it suits your car first.</p>",MG Car Audio,Vehicles & Parts > Vehicle Parts & Accessories > Motor Vehicle Electronics > Motor Vehicle A/V Players & In-Dash Systems,CarPlay Interface,"carplay-android-auto, make:Mercedes-Benz, type:carplay-interface, wireless-carplay, android-auto, demo-placeholder",TRUE,Active,MG-IF-MB-NTG45,,Mercedes system,NTG 4.5 / 4.7 (approx. 2012–2015),,,,,,,,279.00,,,TRUE,,,,,,shopify,10,DENY,450,g,TRUE,manual,https://mg-car-audio-q8due7cj.myshopify.com/cdn/shop/t/3/assets/mg-img-hero-2.webp,1,Widescreen dashboard display with a split-screen CarPlay layout under a starry sky,,FALSE,Wireless CarPlay for Mercedes NTG 4.5 & NTG 5 | MG Car Audio,Wireless Apple CarPlay and Android Auto for Mercedes-Benz NTG 4.5 and NTG 5 screens. Keeps COMAND controls and camera. Supplied and fitted in Dublin 12.,,,,,,,,New,TRUE,,,,,,Mercedes-Benz,"A-Class (W176)
B-Class (W246)
C-Class (W204)
C-Class (W205)
CLA (C117)
GLA (X156)
E-Class (W212)
GLC (X253)
ML / GLE (W166)",,€399
,wireless-carplay-interface-mercedes-ntg,,,,,,,,MG-IF-MB-NTG5,,,NTG 5 / 5.1 (approx. 2014–2019),,,,,,,,279.00,,,TRUE,,,,,,shopify,10,DENY,450,g,TRUE,manual,,,,,,,,,,,,,,,,,,,,,,,,,
,wireless-carplay-interface-mercedes-ntg,,,,,,,,,,,,,,,,,,,,,,,,,,,,,,,,,,,https://static.wixstatic.com/media/c67c38_025ff690eb284fd08df1b0ac249caa62~mv2.png,2,Widescreen dashboard display running Android Auto with Google Maps and Spotify,,,,,,,,,,,,,,,,,,,,,,
Wireless CarPlay & Android Auto Interface – Volkswagen MIB2,wireless-carplay-interface-vw-mib2,"<p><strong>Cut the cable: wireless Apple CarPlay and Android Auto for Volkswagen MIB2 screens</strong>, with your touchscreen, steering wheel buttons and reversing camera working as they did from the factory.</p><h3>Why drivers choose it</h3><ul><li>Wireless CarPlay and Android Auto on the original Composition Media or Discover Media screen</li><li>Use the touchscreen and steering wheel buttons as normal</li><li>Original VW radio, navigation and car settings stay available</li><li>Keeps your factory reversing camera and parking display</li></ul><h3>What's included</h3><ul><li>CarPlay and Android Auto interface module</li><li>Plug-in harness for your MIB2 unit (choose it above)</li><li>External microphone</li><li>USB lead for wired use and charging</li></ul><h3>Compatibility</h3><ul><li>Volkswagen MIB2 Composition Media and Discover Media units (approx. 2015–2020)</li><li>Golf (Mk7 / 7.5), Passat (B8), Polo (AW), Tiguan (AD1), Touran (5T) and T-Roc (A1)</li><li>Many MIB2 units already have App-Connect (wired CarPlay and Android Auto) or can have it switched on in software. We check your unit first, and if a software activation or a plug-in wireless adapter will do the job, we'll tell you</li><li>Send us your reg and a photo of your screen and we'll confirm the fit before you buy</li></ul><h3>Fitted at our Dublin 12 workshop</h3><p>Want it fitted? Our technicians install it at our workshop in Ballymount, Dublin 12, with a neat, factory-style finish and everything tested before you drive away. Book a slot online with a <strong>€50 deposit</strong> (it comes off your final bill), or send us your reg and a photo of your dash on WhatsApp and we'll confirm it suits your car first.</p>",MG Car Audio,Vehicles & Parts > Vehicle Parts & Accessories > Motor Vehicle Electronics > Motor Vehicle A/V Players & In-Dash Systems,CarPlay Interface,"carplay-android-auto, make:Volkswagen, type:carplay-interface, wireless-carplay, android-auto, demo-placeholder",TRUE,Active,MG-IF-VW-CM,,MIB2 unit,Composition Media,,,,,,,,229.00,,,TRUE,,,,,,shopify,10,DENY,400,g,TRUE,manual,https://images.unsplash.com/photo-1604355231395-bf02775c357f?w=1600&q=80&fm=jpg,1,Apple CarPlay turn-by-turn navigation on a car's centre screen,,FALSE,Wireless CarPlay for VW MIB2 | MG Car Audio,"Wireless Apple CarPlay and Android Auto for VW MIB2 Composition and Discover Media screens. Keeps touch, camera and wheel controls. Fitted in Dublin 12.",,,,,,,,New,TRUE,,,,,,Volkswagen,"Golf (Mk7)
Passat (B8)
Polo (AW)
Tiguan (AD1)
Touran (5T)
T-Roc (A1)",,€329
,wireless-carplay-interface-vw-mib2,,,,,,,,MG-IF-VW-DM,,,Discover Media,,,,,,,,229.00,,,TRUE,,,,,,shopify,10,DENY,400,g,TRUE,manual,,,,,,,,,,,,,,,,,,,,,,,,,
"10.25"" Android Screen Upgrade – BMW 3 Series (F30) & 4 Series (F32)",android-screen-upgrade-bmw-f30-10-25,"<p><strong>Swap the standard iDrive display for a crisp 10.25"" widescreen</strong> with wireless Apple CarPlay and Android Auto built in, styled to sit exactly where the original screen was.</p><h3>Why drivers choose it</h3><ul><li>10.25"" anti-glare touchscreen in an OEM-style frame</li><li>Wireless CarPlay and Android Auto, plus Android apps for music and navigation</li><li>Your original iDrive menus and car settings are still there when you need them</li><li>Keeps the iDrive controller, steering wheel buttons and factory reversing camera</li></ul><h3>What's included</h3><ul><li>10.25"" display unit with mounting bracket</li><li>Plug-in harness for your iDrive version (choose it above)</li><li>GPS antenna and external microphone</li><li>USB lead for wired use and charging</li></ul><h3>Compatibility</h3><ul><li>BMW 3 Series (F30/F31/F34) and 4 Series (F32/F33/F36)</li><li>Cars with iDrive CIC (approx. 2012–2013), NBT (approx. 2013–2016) or NBT EVO (approx. 2016–2019)</li><li>Cars with the small non-navigation screen: ask us, as a different harness may be needed</li><li>Send us your reg and a photo of your dash and we'll confirm the fit before you buy</li></ul><h3>Fitted at our Dublin 12 workshop</h3><p>Want it fitted? Our technicians install it at our workshop in Ballymount, Dublin 12, with a neat, factory-style finish and everything tested before you drive away. Book a slot online with a <strong>€50 deposit</strong> (it comes off your final bill), or send us your reg and a photo of your dash on WhatsApp and we'll confirm it suits your car first.</p>",MG Car Audio,Vehicles & Parts > Vehicle Parts & Accessories > Motor Vehicle Electronics > Motor Vehicle A/V Players & In-Dash Systems,Android Screen Upgrade,"screen-upgrades, best-sellers, make:BMW, type:screen-upgrade, wireless-carplay, android-auto, demo-placeholder",TRUE,Active,MG-SCR-BMW-F30-CIC,,Original iDrive,CIC (approx. 2012–2013),,,,,,,,549.00,,,TRUE,,,,,,shopify,6,DENY,1800,g,TRUE,manual,https://mg-car-audio-q8due7cj.myshopify.com/cdn/shop/t/3/assets/mg-img-sys-screens.webp,1,Widescreen infotainment display showing a map in a dark cabin,,FALSE,"BMW F30 10.25"" Android Screen with CarPlay | MG Car Audio",10.25-inch Android widescreen for BMW 3 Series F30 and 4 Series F32 with wireless CarPlay and Android Auto. Keeps iDrive and camera. Fitted in Dublin 12.,,,,,,,,New,TRUE,,,,,,BMW,"3 Series (F30/F31)
4 Series (F32/F33/F36)","10.25""",€699
,android-screen-upgrade-bmw-f30-10-25,,,,,,,,MG-SCR-BMW-F30-NBT,,,NBT (approx. 2013–2016),,,,,,,,549.00,,,TRUE,,,,,,shopify,6,DENY,1800,g,TRUE,manual,,,,,,,,,,,,,,,,,,,,,,,,,
,android-screen-upgrade-bmw-f30-10-25,,,,,,,,MG-SCR-BMW-F30-EVO,,,NBT EVO (approx. 2016–2019),,,,,,,,549.00,,,TRUE,,,,,,shopify,6,DENY,1800,g,TRUE,manual,,,,,,,,,,,,,,,,,,,,,,,,,
,android-screen-upgrade-bmw-f30-10-25,,,,,,,,,,,,,,,,,,,,,,,,,,,,,,,,,,,https://static.wixstatic.com/media/c67c38_a37dca29310e41c9a3845bd6232bfa53~mv2.png,2,"BMW widescreen iDrive display showing Apple CarPlay with maps, music and messages",,,,,,,,,,,,,,,,,,,,,,
"12.3"" Android Screen Upgrade – Mercedes-Benz C-Class (W205)",android-screen-upgrade-mercedes-w205-12-3,"<p><strong>Give your C-Class a 12.3"" widescreen</strong> with wireless Apple CarPlay and Android Auto, finished to look like the premium factory option.</p><h3>Why drivers choose it</h3><ul><li>12.3"" anti-glare touchscreen that fills the dash the way the factory widescreen does</li><li>Wireless CarPlay and Android Auto, plus Android apps</li><li>Original Mercedes menus and car settings stay one press away</li><li>Keeps the rotary controller, touchpad, steering wheel buttons and reversing camera</li></ul><h3>What's included</h3><ul><li>12.3"" display unit with mounting bracket</li><li>Plug-in harness for NTG 5/5.1 or NTG 5.5 (choose it above)</li><li>GPS antenna and external microphone</li><li>USB lead for wired use and charging</li></ul><h3>Compatibility</h3><ul><li>Mercedes-Benz C-Class W205 saloon, S205 estate, C205 coupé and A205 cabriolet</li><li>Cars with NTG 5/5.1 (approx. 2014–2018) or NTG 5.5 (approx. 2018–2021)</li><li>Send us your reg and a photo of your dash and we'll confirm the fit before you buy</li></ul><h3>Fitted at our Dublin 12 workshop</h3><p>Want it fitted? Our technicians install it at our workshop in Ballymount, Dublin 12, with a neat, factory-style finish and everything tested before you drive away. Book a slot online with a <strong>€50 deposit</strong> (it comes off your final bill), or send us your reg and a photo of your dash on WhatsApp and we'll confirm it suits your car first.</p>",MG Car Audio,Vehicles & Parts > Vehicle Parts & Accessories > Motor Vehicle Electronics > Motor Vehicle A/V Players & In-Dash Systems,Android Screen Upgrade,"screen-upgrades, make:Mercedes-Benz, type:screen-upgrade, wireless-carplay, android-auto, demo-placeholder",TRUE,Active,MG-SCR-MB-W205-NTG5,,Mercedes system,NTG 5 / 5.1 (approx. 2014–2018),,,,,,,,699.00,,,TRUE,,,,,,shopify,6,DENY,2000,g,TRUE,manual,https://images.unsplash.com/photo-1708111413184-6e7062038c5d?w=1600&q=80&fm=jpg,1,Widescreen navigation display across a dark dashboard,,FALSE,"Mercedes W205 12.3"" Android Screen Upgrade | MG Car Audio",12.3-inch Android widescreen for the Mercedes-Benz C-Class W205 with wireless CarPlay and Android Auto. Keeps factory controls. Fitted in Dublin 12.,,,,,,,,New,TRUE,,,,,,Mercedes-Benz,C-Class (W205),"12.3""",€849
,android-screen-upgrade-mercedes-w205-12-3,,,,,,,,MG-SCR-MB-W205-NTG55,,,NTG 5.5 (approx. 2018–2021),,,,,,,,699.00,,,TRUE,,,,,,shopify,6,DENY,2000,g,TRUE,manual,,,,,,,,,,,,,,,,,,,,,,,,,
"9"" Android Double-DIN Touchscreen Radio",android-double-din-radio-9-inch,"<p><strong>A big, bright 9"" touchscreen with wireless Apple CarPlay and Android Auto built in.</strong> The quickest way to bring a car with a standard double-DIN radio right up to date.</p><h3>Why drivers choose it</h3><ul><li>Wireless Apple CarPlay and Android Auto</li><li>Android apps from Google Play for music, podcasts and navigation</li><li>Bluetooth calls and music streaming, plus FM radio</li><li>Reversing camera input and steering wheel control support (with the right adapter for your car)</li></ul><h3>What's included</h3><ul><li>9"" Android head unit</li><li>Wiring loom, GPS antenna and external microphone</li><li>USB leads</li><li>The fascia kit, harness adapter and steering wheel interface are specific to your car and quoted separately</li></ul><h3>Compatibility</h3><ul><li>Cars with a double-DIN radio opening, or where a 9"" fascia kit is available</li><li>Covers most European, Japanese and Korean cars</li><li>Send us your reg and we'll confirm the fascia kit and adapters your car needs</li></ul><h3>Fitted at our Dublin 12 workshop</h3><p>Our Android radio fitting service is <strong>€150</strong> and takes about an hour and a half at our workshop in Ballymount, Dublin 12. Book a slot online with a <strong>€50 deposit</strong> (it comes off your final bill), or send us your reg on WhatsApp for a full fitted price.</p>",MG Car Audio,Vehicles & Parts > Vehicle Parts & Accessories > Motor Vehicle Electronics > Motor Vehicle A/V Players & In-Dash Systems,Android Radio,"android-radios, best-sellers, make:Universal, type:android-radio, wireless-carplay, android-auto, demo-placeholder",TRUE,Active,MG-RAD-AND-9,,Fitting,Product only,,,,,,,,279.00,,,TRUE,,,,,,shopify,12,DENY,1600,g,TRUE,manual,https://mg-car-audio-q8due7cj.myshopify.com/cdn/shop/t/3/assets/mg-img-sys-android-radio.webp,1,Aftermarket double-DIN touchscreen radio glowing in a dark dashboard,,FALSE,"9"" Android Double-DIN Radio with CarPlay | MG Car Audio",9-inch Android touchscreen radio with wireless Apple CarPlay and Android Auto. Fits double-DIN dashes. Professional fitting in Dublin 12 for €150.,,,,,,,,New,TRUE,,,,,,Universal,,"9""",€429
,android-double-din-radio-9-inch,,,,,,,,MG-RAD-AND-9-FIT,,,Supplied & fitted,,,,,,,,429.00,,,TRUE,,,,,,shopify,12,DENY,1600,g,TRUE,manual,,,,,,,,,,,,,,,,,,,,,,,,,
,android-double-din-radio-9-inch,,,,,,,,,,,,,,,,,,,,,,,,,,,,,,,,,,,https://static.wixstatic.com/media/c67c38_5bc2192defd241cfa481482e85e323f4~mv2.jpg,2,Car centre console with a head unit fitted between the air vents,,,,,,,,,,,,,,,,,,,,,,
"7"" Wireless CarPlay & Android Auto Double-DIN Radio",wireless-carplay-double-din-radio-7-inch,"<p><strong>Everything most drivers really use, done well:</strong> maps, music, calls and messages on a clean 7"" touchscreen with wireless Apple CarPlay and Android Auto.</p><h3>Why drivers choose it</h3><ul><li>Wireless Apple CarPlay and Android Auto</li><li>Simple, distraction-free menus that start up quickly</li><li>Bluetooth calls and streaming, plus FM radio</li><li>Reversing camera input and steering wheel control support (with the right adapter for your car)</li></ul><h3>What's included</h3><ul><li>7"" double-DIN head unit with mounting cage</li><li>Wiring loom and external microphone</li><li>USB lead</li><li>The fascia kit, harness adapter and steering wheel interface are specific to your car and quoted separately</li></ul><h3>Compatibility</h3><ul><li>Cars with a double-DIN radio opening, or where a double-DIN fascia kit is available</li><li>Send us your reg and we'll confirm the fascia kit and adapters your car needs</li></ul><h3>Fitted at our Dublin 12 workshop</h3><p>Our radio fitting service is <strong>€150</strong> at our workshop in Ballymount, Dublin 12. Book a slot online with a <strong>€50 deposit</strong> (it comes off your final bill), or send us your reg on WhatsApp for a full fitted price.</p>",MG Car Audio,Vehicles & Parts > Vehicle Parts & Accessories > Motor Vehicle Electronics > Motor Vehicle A/V Players & In-Dash Systems,CarPlay Radio,"carplay-android-auto, make:Universal, type:carplay-radio, wireless-carplay, android-auto, demo-placeholder",TRUE,Active,MG-RAD-CP-7,,Fitting,Product only,,,,,,,,229.00,,,TRUE,,,,,,shopify,12,DENY,1400,g,TRUE,manual,https://images.unsplash.com/photo-1684014450269-87cb2823a959?w=1600&q=80&fm=jpg,1,Apple CarPlay home screen on a touchscreen radio in a car dashboard,,FALSE,"7"" Wireless CarPlay Double-DIN Radio | MG Car Audio","7-inch double-DIN radio with wireless Apple CarPlay and Android Auto, Bluetooth and camera input. Supplied and fitted at our Dublin 12 workshop.",,,,,,,,New,TRUE,,,,,,Universal,,"7""",€379
,wireless-carplay-double-din-radio-7-inch,,,,,,,,MG-RAD-CP-7-FIT,,,Supplied & fitted,,,,,,,,379.00,,,TRUE,,,,,,shopify,12,DENY,1400,g,TRUE,manual,,,,,,,,,,,,,,,,,,,,,,,,,
Plug-and-Play Wireless CarPlay Adapter,wireless-carplay-adapter,"<p><strong>Already have wired Apple CarPlay? Go wireless in about a minute.</strong> Plug the adapter into your car's CarPlay USB port, pair your phone once, and it connects by itself every time you get in.</p><h3>Why drivers choose it</h3><ul><li>No fitting and no tools: it plugs into the USB port your car already uses for CarPlay</li><li>Connects automatically a few seconds after you start the car</li><li>Leave your phone in your pocket or bag</li><li>Choose the CarPlay + Android Auto version if there's more than one phone in the house</li></ul><h3>What's included</h3><ul><li>Wireless adapter</li><li>USB-A and USB-C leads</li><li>Quick-start guide</li></ul><h3>Compatibility</h3><ul><li>Cars that already have factory wired Apple CarPlay (most cars from about 2016 onwards)</li><li>The Android Auto version also needs factory wired Android Auto</li><li>It won't add CarPlay to a car that doesn't have it. For that, see our CarPlay interfaces and screen upgrades</li></ul><h3>Collect or have it set up in Dublin 12</h3><p>Order online and collect from our workshop in Ballymount, Dublin 12, or pop in and we'll plug it in and pair your phone with you. Questions? Send us your reg on WhatsApp.</p>",MG Car Audio,Vehicles & Parts > Vehicle Parts & Accessories > Motor Vehicle Electronics,CarPlay Adapter,"carplay-android-auto, accessories, best-sellers, make:Universal, type:carplay-adapter, wireless-carplay, demo-placeholder",TRUE,Active,MG-ADP-CP,,Version,Apple CarPlay,,,,,,,,79.00,,,TRUE,,,,,,shopify,20,DENY,80,g,TRUE,manual,https://mg-car-audio-q8due7cj.myshopify.com/cdn/shop/t/3/assets/mg-img-sys-carplay.webp,1,Apple CarPlay navigation on an in-dash screen with a phone cable plugged in,,FALSE,"Wireless CarPlay Adapter, Plug and Play | MG Car Audio","Turn wired Apple CarPlay into wireless in about a minute. Plugs into your car's USB port, no fitting needed. CarPlay or CarPlay + Android Auto versions.",,,,,,,,New,TRUE,,,,,,Universal,,,
,wireless-carplay-adapter,,,,,,,,MG-ADP-CPAA,,,Apple CarPlay + Android Auto,,,,,,,,99.00,,,TRUE,,,,,,shopify,20,DENY,80,g,TRUE,manual,,,,,,,,,,,,,,,,,,,,,,,,,
OEM-Style Reverse Camera Kit,oem-style-reverse-camera-kit,"<p><strong>A discreet HD reversing camera that switches on the moment you select reverse</strong>, with parking guidelines on your screen.</p><h3>Why drivers choose it</h3><ul><li>Clear, wide-angle HD picture, day and night</li><li>Shows automatically when you select reverse</li><li>Static guidelines, or dynamic guidelines that bend as you turn the wheel</li><li>Small, colour-matched camera body that looks factory-fitted</li></ul><h3>What's included</h3><ul><li>HD reverse camera</li><li>Wiring loom and mounting hardware</li><li>Where your factory screen needs a video interface, it's car-specific and quoted separately</li></ul><h3>Compatibility</h3><ul><li>Aftermarket head units and CarPlay/Android radios with a camera input</li><li>Most factory screens, including BMW iDrive and Audi MMI, through a camera interface</li><li>Send us your reg and a photo of your dash and we'll confirm what your car needs</li></ul><h3>Fitted at our Dublin 12 workshop</h3><p>Want it fitted? Our technicians install it at our workshop in Ballymount, Dublin 12, with a neat, factory-style finish and everything tested before you drive away. Book a slot online with a <strong>€50 deposit</strong> (it comes off your final bill), or send us your reg and a photo of your dash on WhatsApp and we'll confirm it suits your car first.</p>",MG Car Audio,Vehicles & Parts > Vehicle Parts & Accessories > Motor Vehicle Electronics > Motor Vehicle Parking Cameras > Backup Cameras,Reverse Camera,"reverse-cameras, make:Universal, type:reverse-camera, demo-placeholder",TRUE,Active,MG-CAM-STAT,,Guidelines,Static guidelines,,,,,,,,129.00,,,TRUE,,,,,,shopify,15,DENY,350,g,TRUE,manual,https://mg-car-audio-q8due7cj.myshopify.com/cdn/shop/t/3/assets/mg-img-sys-reverse-camera.webp,1,Reversing camera view with parking guidelines on the dashboard screen,,FALSE,OEM-Style Reverse Camera Kit | MG Car Audio,HD reversing camera kit with static or dynamic parking guidelines. Works with factory screens and CarPlay radios. Supplied and fitted in Dublin 12.,,,,,,,,New,TRUE,,,,,,Universal,,,€399
,oem-style-reverse-camera-kit,,,,,,,,MG-CAM-DYN,,,Dynamic guidelines,,,,,,,,159.00,,,TRUE,,,,,,shopify,15,DENY,350,g,TRUE,manual,,,,,,,,,,,,,,,,,,,,,,,,,
CarPlay Installation – BMW,carplay-installation-bmw,"<p><strong>Modernise your BMW with seamless smartphone integration.</strong> We install Apple CarPlay on your iDrive system so your iPhone works with your dashboard for safer navigation, music control and hands-free messaging, all with an OEM-style finish.</p><h3>Why drivers choose it</h3><ul><li>Apple Maps, Google Maps and Waze on your factory screen</li><li>Spotify, Apple Music and your other music and podcast apps</li><li>Hands-free calls and messages, with Siri voice control</li><li>Keeps your original iDrive features wherever possible</li></ul><h3>What's included</h3><ul><li>Check of your iDrive system and software before we start</li><li>Installation and set-up of Apple CarPlay on your iDrive (choose your system above)</li><li>Test of calls, audio, microphone, reversing camera and steering wheel controls</li><li>Pairing your phone and a quick walkthrough before you leave</li></ul><h3>Good to know</h3><ul><li>We confirm the fitting time for your iDrive system when you book</li><li>Not sure which iDrive you have? Send us a photo of your screen and we'll tell you</li><li>We confirm exactly what your BMW needs, and the price, before you book. No surprises on the day</li><li>Want Android Auto on iDrive 7? See Android Auto Installation – BMW iDrive 7 (€299)</li></ul><h3>Fitted at our Dublin 12 workshop</h3><p>Book your slot online and we'll look after the rest at our workshop in Ballymount, Dublin 12 (Mon–Fri 9:30am–7pm, Sat 11am–7pm, Sun by appointment). A <strong>€50 deposit</strong> secures your slot and comes off your final bill. Not sure this is the right service for your car? Send us your reg and a photo of your dash on WhatsApp and we'll point you to the right one.</p>",MG Car Audio,,Installation,"carplay-android-auto, installation-services, best-sellers, make:BMW, type:installation",TRUE,Active,MG-SVC-CP-BMW-CIC,,iDrive system,iDrive CIC,,,,,,,,350.00,,,TRUE,,,,,,,,CONTINUE,,,FALSE,manual,https://static.wixstatic.com/media/c67c38_a37dca29310e41c9a3845bd6232bfa53~mv2.png,1,"BMW widescreen iDrive display showing Apple CarPlay with maps, music and messages",,FALSE,"BMW Apple CarPlay Installation Dublin, €350 | MG Car Audio","Apple CarPlay installed on your BMW iDrive for €350: CIC, NBT, NBT EVO and iDrive 7. OEM-style finish, fitted at our Dublin 12 workshop.",,,,,,,,,,,,,,,BMW,"1 Series (F20/F21)
2 Series (F22/F23)
3 Series (F30/F31)
4 Series (F32/F33/F36)
5 Series (F10/F11)
X1 (F48)
X3 (F25)
X5 (F15)",,€350
,carplay-installation-bmw,,,,,,,,MG-SVC-CP-BMW-NBT,,,iDrive NBT,,,,,,,,350.00,,,TRUE,,,,,,,,CONTINUE,,,FALSE,manual,,,,,,,,,,,,,,,,,,,,,,,,,
,carplay-installation-bmw,,,,,,,,MG-SVC-CP-BMW-EVO,,,NBT EVO (ID4–ID6),,,,,,,,350.00,,,TRUE,,,,,,,,CONTINUE,,,FALSE,manual,,,,,,,,,,,,,,,,,,,,,,,,,
,carplay-installation-bmw,,,,,,,,MG-SVC-CP-BMW-ID7,,,iDrive 7 (ID7),,,,,,,,350.00,,,TRUE,,,,,,,,CONTINUE,,,FALSE,manual,,,,,,,,,,,,,,,,,,,,,,,,,
,carplay-installation-bmw,,,,,,,,,,,,,,,,,,,,,,,,,,,,,,,,,,,https://static.wixstatic.com/media/c67c38_9f66ce5182fa4d39be339a5217ee9483~mv2.jpeg,2,"MG Car Audio showroom in Dublin 12, with head units, speakers and accessories on the wall",,,,,,,,,,,,,,,,,,,,,,
Android Auto Installation – BMW iDrive 7 (ID7),android-auto-installation-bmw-id7,"<p><strong>Your perfect Android friend on screen.</strong> We enable Android Auto on your BMW's iDrive 7 system so your Android phone gives you hands-free navigation, music streaming and your favourite apps, while your BMW keeps its sleek factory look.</p><h3>Why drivers choose it</h3><ul><li>Google Maps and Waze on the factory widescreen</li><li>Spotify, YouTube Music and podcasts through your BMW's speakers</li><li>Hands-free calls and messages with Google Assistant</li><li>Uses the iDrive controller, touchscreen and steering wheel buttons</li></ul><h3>What's included</h3><ul><li>Check of your iDrive 7 software version</li><li>Android Auto activation and set-up</li><li>Test of calls, audio and controls</li><li>Pairing your phone before you leave</li></ul><h3>Good to know</h3><ul><li>Fitting takes about 1 hour</li><li>For BMWs with iDrive 7 (Operating System 7), usually built from 2019, such as the 1 Series (F40), 3 Series (G20/G21), 5 Series (G30/G31), X3 (G01), X5 (G05) and Z4 (G29)</li><li>Older iDrive? See CarPlay Installation – BMW, or our wireless CarPlay and Android Auto interfaces</li></ul><h3>Fitted at our Dublin 12 workshop</h3><p>Book your slot online and we'll look after the rest at our workshop in Ballymount, Dublin 12 (Mon–Fri 9:30am–7pm, Sat 11am–7pm, Sun by appointment). A <strong>€50 deposit</strong> secures your slot and comes off your final bill. Not sure this is the right service for your car? Send us your reg and a photo of your dash on WhatsApp and we'll point you to the right one.</p>",MG Car Audio,,Installation,"carplay-android-auto, installation-services, make:BMW, type:installation, android-auto, badge:Fitted in 1 hr",TRUE,Active,MG-SVC-AA-BMW-ID7,,Title,Default Title,,,,,,,,299.00,,,TRUE,,,,,,,,CONTINUE,,,FALSE,manual,https://static.wixstatic.com/media/c67c38_a8ae81884fca446a99f1d17b50a9fc1c~mv2.png,1,Widescreen dashboard display running Android Auto with Google Maps and Spotify,,FALSE,"BMW iDrive 7 Android Auto Installation, €299 | MG Car Audio","Android Auto enabled on your BMW iDrive 7 (ID7) for €299. Google Maps, music and calls on the factory screen. About an hour at our Dublin 12 workshop.",,,,,,,,,,,,,,,BMW,"1 Series (F40)
3 Series (G20/G21)
5 Series (G30/G31)
X3 (G01)
X5 (G05)
Z4 (G29)",,€299
Android Radio Installation,android-radio-installation,"<p><strong>Bought an Android touchscreen radio? We'll fit it properly.</strong> Expert installation of your car radio system at our Dublin 12 workshop, with a clean finish and everything tested.</p><h3>What's included</h3><ul><li>Careful removal of your old radio</li><li>Fitting your Android radio into its fascia kit</li><li>Connecting power, speakers, aerial, GPS antenna, microphone and USB</li><li>Connecting steering wheel controls and a reversing camera where your kit supports them</li><li>Set-up, phone pairing and a full test before you leave</li></ul><h3>Good to know</h3><ul><li>Fitting takes about 1 hour 30 minutes</li><li>This is a fitting-only service: you supply the radio, fascia kit and harness for your car</li><li>Don't have a radio yet? Our 9"" Android double-DIN radio is ready to fit</li><li>Send us your reg and a photo of your dash and we'll check your parts before you book</li></ul><h3>Fitted at our Dublin 12 workshop</h3><p>Book your slot online and we'll look after the rest at our workshop in Ballymount, Dublin 12 (Mon–Fri 9:30am–7pm, Sat 11am–7pm, Sun by appointment). A <strong>€50 deposit</strong> secures your slot and comes off your final bill. Not sure this is the right service for your car? Send us your reg and a photo of your dash on WhatsApp and we'll point you to the right one.</p>",MG Car Audio,,Installation,"android-radios, installation-services, make:Universal, type:installation",TRUE,Active,MG-SVC-RADIO,,Title,Default Title,,,,,,,,150.00,,,TRUE,,,,,,,,CONTINUE,,,FALSE,manual,https://static.wixstatic.com/media/c67c38_5bc2192defd241cfa481482e85e323f4~mv2.jpg,1,Car centre console with a head unit fitted between the air vents,,FALSE,"Android Radio Fitting in Dublin, €150 | MG Car Audio","Professional fitting for your Android touchscreen radio for €150: wiring, steering controls, camera and set-up. About 1.5 hours at our Dublin 12 workshop.",,,,,,,,,,,,,,,Universal,,,€150
,android-radio-installation,,,,,,,,,,,,,,,,,,,,,,,,,,,,,,,,,,,https://static.wixstatic.com/media/c67c38_08d9d90c4e7e4fbb8a59abd6019c2342~mv2.jpg,2,"Standard single-DIN car radio, the kind of unit an Android touchscreen replaces",,,,,,,,,,,,,,,,,,,,,,
BMW iDrive 7 Video in Motion,bmw-idrive7-video-in-motion,"<p><strong>Unlock your BMW's entertainment system for your passengers.</strong> We enable video playback on the move on iDrive 7, so the front passenger can enjoy films and clips on long journeys.</p><h3>What's included</h3><ul><li>Check of your iDrive 7 software version</li><li>Video in motion enabled on your iDrive 7 system</li><li>Test of video playback and all screen functions</li></ul><h3>Good to know</h3><ul><li>Done at our Dublin 12 workshop. We confirm the time when you book</li><li>For BMWs with iDrive 7 (ID7), usually built from 2019</li><li>For passenger use only. The driver must never watch video while driving</li></ul><h3>Fitted at our Dublin 12 workshop</h3><p>Book your slot online and we'll look after the rest at our workshop in Ballymount, Dublin 12 (Mon–Fri 9:30am–7pm, Sat 11am–7pm, Sun by appointment). A <strong>€50 deposit</strong> secures your slot and comes off your final bill. Not sure this is the right service for your car? Send us your reg and a photo of your dash on WhatsApp and we'll point you to the right one.</p>",MG Car Audio,,Installation,"installation-services, make:BMW, type:installation",TRUE,Active,MG-SVC-VIM-BMW-ID7,,Title,Default Title,,,,,,,,149.00,,,TRUE,,,,,,,,CONTINUE,,,FALSE,manual,https://images.unsplash.com/photo-1756387461699-b1b2394fdae2?w=1600&q=80&fm=jpg,1,Passenger's hand selecting a video app on a car's infotainment screen,,FALSE,"BMW iDrive 7 Video in Motion, €149 | MG Car Audio","Video in motion for BMW iDrive 7 (ID7) for €149, so passengers can watch on the move. Enabled at our Dublin 12 workshop. Passenger use only.",,,,,,,,,,,,,,,BMW,"1 Series (F40)
3 Series (G20/G21)
5 Series (G30/G31)
X3 (G01)
X5 (G05)
Z4 (G29)",,€149
BMW Japan-to-Europe Conversion,bmw-japan-to-europe-conversion,"<p><strong>Seamlessly localise your imported BMW's software and navigation.</strong> A professional conversion for BMWs imported from Japan: we update the infotainment system, re-code the navigation for European maps and adjust the software settings to local standards.</p><h3>What's included</h3><ul><li>Region coding of your iDrive system to European specification</li><li>European navigation maps</li><li>English menus and voice guidance</li><li>FM radio moved to the European band (87.5–108 MHz)</li><li>Local regional settings, plus a check of all iDrive functions</li></ul><h3>Good to know</h3><ul><li>Takes about 2 hours</li><li>For most Japanese-market BMWs. Send us your reg or VIN and we'll confirm your car is compatible before you book</li></ul><h3>Fitted at our Dublin 12 workshop</h3><p>Book your slot online and we'll look after the rest at our workshop in Ballymount, Dublin 12 (Mon–Fri 9:30am–7pm, Sat 11am–7pm, Sun by appointment). A <strong>€50 deposit</strong> secures your slot and comes off your final bill. Not sure this is the right service for your car? Send us your reg and a photo of your dash on WhatsApp and we'll point you to the right one.</p>",MG Car Audio,,Installation,"installation-services, japan-to-europe, make:BMW, type:installation",TRUE,Active,MG-SVC-J2E-BMW,,Title,Default Title,,,,,,,,450.00,,,TRUE,,,,,,,,CONTINUE,,,FALSE,manual,https://static.wixstatic.com/media/c67c38_ecaab01d8d9247cf9eb5fdb58b84d3fd~mv2.png,1,"MG Car Audio graphic: BMW Japan-to-Europe conversion, from Japanese to European settings",,FALSE,"BMW Japan-to-Europe Conversion, €450 | MG Car Audio","Convert your Japanese-import BMW to European spec for €450: maps, English menus, EU radio band and regional settings. About 2 hours in Dublin 12.",,,,,,,,,,,,,,,BMW,,,€450
Mercedes-Benz Japan-to-Europe Conversion,mercedes-japan-to-europe-conversion,"<p><strong>Localise your Mercedes infotainment for European standards.</strong> We convert Japanese-spec head units to European specification, updating the navigation maps, radio frequency range and system language so your import works perfectly on Irish roads.</p><h3>What's included</h3><ul><li>Conversion of your head unit software to European specification</li><li>European navigation maps</li><li>English system language</li><li>FM radio moved to the European band (87.5–108 MHz)</li></ul><h3>Good to know</h3><ul><li>Takes about 2 hours</li><li>Your head unit must be compatible with the software update. Send us your reg or VIN and we'll check before you book</li></ul><h3>Fitted at our Dublin 12 workshop</h3><p>Book your slot online and we'll look after the rest at our workshop in Ballymount, Dublin 12 (Mon–Fri 9:30am–7pm, Sat 11am–7pm, Sun by appointment). A <strong>€50 deposit</strong> secures your slot and comes off your final bill. Not sure this is the right service for your car? Send us your reg and a photo of your dash on WhatsApp and we'll point you to the right one.</p>",MG Car Audio,,Installation,"installation-services, japan-to-europe, make:Mercedes-Benz, type:installation",TRUE,Active,MG-SVC-J2E-MB,,Title,Default Title,,,,,,,,450.00,,,TRUE,,,,,,,,CONTINUE,,,FALSE,manual,https://static.wixstatic.com/media/c67c38_09bdf2daf636454e9f123d55abeed61e~mv2.png,1,MG Car Audio graphic: Mercedes-Benz Japan-to-Europe conversion services,,FALSE,"Mercedes Japan-to-Europe Conversion, €450 | MG Car Audio","Convert your Japanese-import Mercedes-Benz head unit to European spec for €450: maps, English language and EU radio band. At our Dublin 12 workshop.",,,,,,,,,,,,,,,Mercedes-Benz,,,€450
Volkswagen Japan-to-Europe Conversion,vw-japan-to-europe-conversion,"<p><strong>Upgrade your VW import to European standards.</strong> An expert conversion for Volkswagens imported from Japan: we update your head unit, radio frequencies and navigation maps so everything works as it should here.</p><h3>What's included</h3><ul><li>Head unit software updated to European specification</li><li>European navigation maps</li><li>English menus</li><li>FM radio moved to the European band (87.5–108 MHz)</li></ul><h3>Good to know</h3><ul><li>Takes about 2 hours</li><li>For MIB head units in 2012–2018 models only</li><li>Send us your reg and a photo of your screen and we'll confirm your unit before you book</li></ul><h3>Fitted at our Dublin 12 workshop</h3><p>Book your slot online and we'll look after the rest at our workshop in Ballymount, Dublin 12 (Mon–Fri 9:30am–7pm, Sat 11am–7pm, Sun by appointment). A <strong>€50 deposit</strong> secures your slot and comes off your final bill. Not sure this is the right service for your car? Send us your reg and a photo of your dash on WhatsApp and we'll point you to the right one.</p>",MG Car Audio,,Installation,"installation-services, japan-to-europe, make:Volkswagen, type:installation",TRUE,Active,MG-SVC-J2E-VW,,Title,Default Title,,,,,,,,350.00,,,TRUE,,,,,,,,CONTINUE,,,FALSE,manual,https://static.wixstatic.com/media/c67c38_6cbeac468066461db525fae46c3c1981~mv2.png,1,"MG Car Audio graphic: Volkswagen Japan-to-Europe conversion of radio, maps and settings",,FALSE,"VW Japan-to-Europe Conversion, €350 | MG Car Audio","Convert your Japanese-import Volkswagen MIB head unit (2012–2018) to European spec for €350: maps, English menus and EU radio band. In Dublin 12.",,,,,,,,,,,,,,,Volkswagen,,,€350
Radio Frequency Conversion (Japan to Europe),radio-frequency-conversion-japan-to-europe,"<p><strong>Unlock local radio stations in your imported Japanese car.</strong> Japanese radios only tune 76–90 MHz, so most Irish stations are missing. We modify your radio to receive the full European FM band (87.5–108 MHz) while keeping the sound quality you'd expect.</p><h3>What's included</h3><ul><li>Conversion of your car radio to the European FM band</li><li>Station search and presets set up for your area</li><li>Sound check before you leave</li></ul><h3>Good to know</h3><ul><li>Takes about 1 hour</li><li>For imported Japanese cars such as Toyota, Lexus, Nissan, Honda and Mazda</li><li>Also want English menus and European maps? Ask about our full Japan-to-Europe conversions</li></ul><h3>Fitted at our Dublin 12 workshop</h3><p>Book your slot online and we'll look after the rest at our workshop in Ballymount, Dublin 12 (Mon–Fri 9:30am–7pm, Sat 11am–7pm, Sun by appointment). A <strong>€50 deposit</strong> secures your slot and comes off your final bill. Not sure this is the right service for your car? Send us your reg and a photo of your dash on WhatsApp and we'll point you to the right one.</p>",MG Car Audio,,Installation,"installation-services, japan-to-europe, make:Toyota, make:Lexus, make:Nissan, make:Honda, make:Mazda, type:installation, badge:Fitted in 1 hr",TRUE,Active,MG-SVC-RF-J2E,,Title,Default Title,,,,,,,,150.00,,,TRUE,,,,,,,,CONTINUE,,,FALSE,manual,https://static.wixstatic.com/media/c67c38_e66ffa12a2d346d589b8e0995672474c~mv2.png,1,MG Car Audio graphic: radio frequency change from the Japanese to the Irish FM band,,FALSE,Japan-to-Europe Radio Frequency Conversion | MG Car Audio,Imported Japanese car? We convert your radio to the European FM band (87.5–108 MHz) for €150 so you get every Irish station. About an hour in Dublin 12.,,,,,,,,,,,,,,,"Toyota
Lexus
Nissan
Honda
Mazda",,,€150
Reverse Camera Installation,reverse-camera-installation,"<p><strong>Park with confidence.</strong> We supply and install a high-quality reverse camera that works with your factory or aftermarket screen, giving you a clear view behind the car every time you select reverse.</p><h3>Why drivers choose it</h3><ul><li>Crystal-clear HD camera image</li><li>Switches on automatically when you select reverse</li><li>OEM-style integration with compatible factory screens, including BMW iDrive and Audi MMI</li><li>Static or dynamic parking guidelines, where supported</li><li>Works with Apple CarPlay and Android Auto head units</li></ul><h3>What's included</h3><ul><li>HD reverse camera for your car (choose your make above)</li><li>Connection to your factory or aftermarket screen</li><li>Professional hidden wiring for a factory-style finish</li><li>Full test before you leave</li></ul><h3>Models we fit</h3><ul><li>BMW: 1, 2, 3, 4, 5, 6, 7 and 8 Series, X1 to X7, Z4 and M models</li><li>Audi: A1, A3, A4, A5, A6, A7, A8, Q2, Q3, Q5, Q7, Q8, TT and e-tron</li><li>Volkswagen: Golf (including GTI and R), Passat, Polo, Tiguan, T-Roc, Touran, Caddy, Transporter, Amarok, Arteon and Taigo</li><li>Honda: Civic, Jazz, Accord, CR-V, HR-V, e:Ny1, Insight and CR-Z</li></ul><h3>Good to know</h3><ul><li>Prices are supply and fit for BMW, Audi, Volkswagen and Honda</li><li>Whether your car has no camera or you're replacing a faulty one, we'll quote before you book</li><li>Another make? Send us your reg for a free quote</li></ul><h3>Fitted at our Dublin 12 workshop</h3><p>Book your slot online and we'll look after the rest at our workshop in Ballymount, Dublin 12 (Mon–Fri 9:30am–7pm, Sat 11am–7pm, Sun by appointment). A <strong>€50 deposit</strong> secures your slot and comes off your final bill. Not sure this is the right service for your car? Send us your reg and a photo of your dash on WhatsApp and we'll point you to the right one.</p>",MG Car Audio,,Installation,"reverse-cameras, installation-services, best-sellers, make:BMW, make:Audi, make:Volkswagen, make:Honda, type:installation",TRUE,Active,MG-SVC-CAM-BMW,,Car make,BMW,,,,,,,,750.00,,,TRUE,,,,,,,,CONTINUE,,,FALSE,manual,https://static.wixstatic.com/media/nsplsh_52809b6b039d43c89f302c6d7190e338~mv2.jpg,1,Reversing camera picture with parking guidelines on a Volkswagen dashboard screen,,FALSE,Reverse Camera Installation Dublin | MG Car Audio,"Reverse camera supplied and fitted with a factory-style finish: BMW €750, Audi €699, VW €650, Honda €399. HD image and hidden wiring. Dublin 12.",,,,,,,,,,,,,,,"BMW
Audi
Volkswagen
Honda",,,€399
,reverse-camera-installation,,,,,,,,MG-SVC-CAM-AUDI,,,Audi,,,,,,,,699.00,,,TRUE,,,,,,,,CONTINUE,,,FALSE,manual,,,,,,,,,,,,,,,,,,,,,,,,,
,reverse-camera-installation,,,,,,,,MG-SVC-CAM-VW,,,Volkswagen,,,,,,,,650.00,,,TRUE,,,,,,,,CONTINUE,,,FALSE,manual,,,,,,,,,,,,,,,,,,,,,,,,,
,reverse-camera-installation,,,,,,,,MG-SVC-CAM-HONDA,,,Honda,,,,,,,,399.00,,,TRUE,,,,,,,,CONTINUE,,,FALSE,manual,,,,,,,,,,,,,,,,,,,,,,,,,
,reverse-camera-installation,,,,,,,,,,,,,,,,,,,,,,,,,,,,,,,,,,,https://static.wixstatic.com/media/c67c38_9f66ce5182fa4d39be339a5217ee9483~mv2.jpeg,2,"MG Car Audio showroom in Dublin 12, with head units, speakers and accessories on the wall",,,,,,,,,,,,,,,,,,,,,,
Booking deposit – secures your fitting slot,booking-deposit,"<p><strong>Secure your appointment with MG Car Audio.</strong> A €50 booking deposit confirms your appointment and lets us reserve workshop time for your car, and have any parts or equipment for your installation ready.</p><h3>What's included</h3><ul><li>A reserved fitting slot at our Dublin 12 workshop</li><li>Parts and equipment for your job prepared before you arrive</li><li>The full €50 taken off your final invoice on the day</li></ul><h3>Please note</h3><ul><li>The €50 deposit is deducted from your final invoice on the day of your appointment</li><li>Deposits are non-refundable if you don't attend, or if you cancel with less than 48 hours' notice</li><li>Need to reschedule? Contact us at least 48 hours before your appointment and we'll gladly move your deposit to a new date</li><li>The balance is payable once the work is complete</li></ul><h3>Fitted at our Dublin 12 workshop</h3><p>After you pay, we'll be in touch to confirm your date and time. Unit 3, Ballymount Business Centre, Ballymount Road Lower, Dublin 12, D12 YX27. Mon–Fri 9:30am–7pm, Sat 11am–7pm, Sun by appointment.</p>",MG Car Audio,,Installation,booking-deposit,TRUE,Active,MG-DEPOSIT-50,,Title,Default Title,,,,,,,,50.00,,,TRUE,,,,,,,,CONTINUE,,,FALSE,manual,https://static.wixstatic.com/media/c67c38_9f66ce5182fa4d39be339a5217ee9483~mv2.jpeg,1,"MG Car Audio showroom in Dublin 12, with head units, speakers and accessories on the wall",,FALSE,"Booking Deposit, €50 | MG Car Audio","Secure your fitting slot at MG Car Audio, Dublin 12, with a €50 deposit. It comes off your final bill. Reschedule free with 48 hours' notice.",,,,,,,,,,,,,,,,,,
JBL Stadium 52CF Speakers Set,jbl-stadium-52cf-speakers-set,"<p><strong>Iconic JBL sound, built on a 75-year pedigree of audio excellence, for virtually any car on the road.</strong> The Stadium Series brings high-output bass and crisp, detailed highs to a factory speaker upgrade.</p><h3>Why drivers choose it</h3><ul><li>Plus One™ fibreglass woofers for high-output, deep and robust bass</li><li>High-resolution ¾"" edge-driven textile dome tweeters with highs up to 40kHz</li><li>Power handling 80W RMS, 240W peak</li><li>Sensitivity 93dB (@ 2.83V), frequency response 55Hz–40kHz, impedance 3.0 ohms</li></ul><h3>What's included</h3><ul><li>JBL Stadium 52CF speaker set</li><li>Mounting hardware as supplied by JBL</li></ul><h3>Good to know</h3><ul><li>The Stadium Series comes in 2"", 3"", 5¼"", 6½"", 6"" x 8"", 4"" x 6"", 6"" x 9"" and ¾"" sizes. Ask us which suits your doors</li><li>Some cars need speaker adapters or a wiring harness, which we can supply</li><li>Send us your reg and we'll confirm the fit before you buy</li></ul><h3>Fitted at our Dublin 12 workshop</h3><p>Want them fitted? Our Speaker Fitting service is available at our workshop in Ballymount, Dublin 12. Book a slot with a <strong>€50 deposit</strong>, or send us your reg on WhatsApp for a fitted price.</p>",JBL,Vehicles & Parts > Vehicle Parts & Accessories > Motor Vehicle Electronics > Motor Vehicle Speakers > Component Speakers,Speakers,"speakers, best-sellers, make:Universal, type:speakers, mg-shop",TRUE,Active,MG-SPK-JBL-52CF,,Title,Default Title,,,,,,,,189.00,,,TRUE,,,,,,shopify,8,DENY,2200,g,TRUE,manual,https://static.wixstatic.com/media/c67c38_19cf0e002cf2435c9ab65bce9c69208c~mv2.png,1,"JBL logo, for the JBL Stadium speaker range MG Car Audio supplies and fits",,FALSE,"JBL Stadium 52CF Speakers Set, €189 | MG Car Audio","JBL Stadium 52CF car speaker set: Plus One fibreglass woofers, ¾"" textile dome tweeters, 80W RMS. Supplied and fitted at our Dublin 12 workshop.",,,,,,,,New,TRUE,,,,,,Universal,,,
Coaxial Speaker Pair,coaxial-speaker-pair,"<p><strong>A pair of quality coaxial car speakers</strong> integrating both woofer and tweeter into a single unit, designed for easy installation and balanced, full-range sound across the frequency spectrum.</p><h3>Why drivers choose it</h3><ul><li>Woofer and tweeter in one unit: a simple swap for tired factory speakers</li><li>Clearer vocals and fuller sound than most standard door speakers</li><li>Easy installation in factory speaker positions</li></ul><h3>What's included</h3><ul><li>Pair of coaxial speakers</li><li>Grilles and mounting hardware</li></ul><h3>Good to know</h3><ul><li>Tell us your car and we'll confirm the size for your doors or rear shelf</li><li>Some cars need speaker adapters or a wiring harness, which we can supply</li></ul><h3>Fitted at our Dublin 12 workshop</h3><p>Want them fitted? Book our Speaker Fitting service at our workshop in Ballymount, Dublin 12, or send us your reg on WhatsApp for a fitted price.</p>",MG Car Audio,Vehicles & Parts > Vehicle Parts & Accessories > Motor Vehicle Electronics > Motor Vehicle Speakers > Coaxial Speakers,Speakers,"speakers, make:Universal, type:speakers, mg-shop",TRUE,Active,MG-SPK-COAX-PAIR,,Title,Default Title,,,,,,,,90.00,,,TRUE,,,,,,shopify,12,DENY,1400,g,TRUE,manual,https://static.wixstatic.com/media/c67c38_5bd4a81395ac4bb39a3e5aeabc54406f~mv2.jpg,1,Pair of black coaxial car speakers on a white background,,FALSE,"Coaxial Car Speaker Pair, €90 | MG Car Audio","A pair of full-range coaxial car speakers with built-in tweeters, an easy upgrade from factory speakers. Supplied and fitted in Dublin 12.",,,,,,,,New,TRUE,,,,,,Universal,,,
Compact Single-DIN Car Stereo,compact-single-din,"<p><strong>A versatile single-DIN car stereo</strong> with a detachable faceplate for security, AM/FM radio, and USB and auxiliary inputs for flexible playback from your phone or music stick.</p><h3>Why drivers choose it</h3><ul><li>Detachable faceplate: take it with you and leave nothing to steal</li><li>AM/FM radio tuner</li><li>USB and auxiliary (3.5mm) inputs</li><li>Fits the standard single-DIN opening found in many older cars</li></ul><h3>What's included</h3><ul><li>Single-DIN head unit with detachable faceplate and case</li><li>Mounting cage and wiring loom</li><li>The fascia and harness adapter for your car are quoted separately</li></ul><h3>Compatibility</h3><ul><li>Cars with a single-DIN radio opening, or a double-DIN opening with a pocket kit</li><li>Send us your reg and we'll confirm the adapters your car needs</li></ul><h3>Fitted at our Dublin 12 workshop</h3><p>Want it fitted? We fit radios at our workshop in Ballymount, Dublin 12. Book a slot with a <strong>€50 deposit</strong>, or send us your reg on WhatsApp for a fitted price.</p>",MG Car Audio,Vehicles & Parts > Vehicle Parts & Accessories > Motor Vehicle Electronics > Motor Vehicle A/V Players & In-Dash Systems,Car Stereo,"android-radios, make:Universal, type:car-stereo, mg-shop",TRUE,Active,MG-RAD-SDIN,,Title,Default Title,,,,,,,,199.00,,,TRUE,,,,,,shopify,6,DENY,1300,g,TRUE,manual,https://static.wixstatic.com/media/c67c38_08d9d90c4e7e4fbb8a59abd6019c2342~mv2.jpg,1,"Standard single-DIN car radio, the kind of unit an Android touchscreen replaces",,FALSE,"Compact Single-DIN Car Stereo, €199 | MG Car Audio","Single-DIN car stereo with detachable faceplate, AM/FM radio, USB and Aux inputs. Supplied and fitted at our Dublin 12 workshop.",,,,,,,,New,TRUE,,,,,,Universal,,,
"MG Select 10.1"" Android Radio, Wireless CarPlay",mg-select-10in-android-radio-wireless-carplay,"<p><strong>Our biggest universal screen: a 10.1"" HD touchscreen</strong> with wireless Apple CarPlay and Android Auto, for cars with a double-DIN opening or a 10"" fascia kit.</p><h3>Why drivers choose it</h3><ul><li>10.1"" HD IPS touchscreen, bright enough for sunny days</li><li>Wireless Apple CarPlay and Android Auto</li><li>4GB RAM / 64GB storage, with Android apps from Google Play</li><li>Bluetooth calls and streaming, FM radio and a 32-band equaliser</li><li>Reversing camera input and steering wheel control support (with the right adapter for your car)</li></ul><h3>What's included</h3><ul><li>10.1"" Android head unit</li><li>Wiring loom, GPS antenna and external microphone</li><li>USB leads</li><li>The fascia kit, harness adapter and steering wheel interface are specific to your car and quoted separately</li></ul><h3>Compatibility</h3><ul><li>Cars with a double-DIN opening, or where a 10"" fascia kit is available</li><li>Send us your reg and we'll confirm the fascia kit your car needs</li></ul><h3>Fitted at our Dublin 12 workshop</h3><p>Choose <strong>Supplied &amp; fitted</strong> above and our technicians fit it at our workshop in Ballymount, Dublin 12, with hidden wiring and everything tested before you drive away. Book a slot with a <strong>€50 deposit</strong> (it comes off your final bill), or send us your reg on WhatsApp and we'll confirm it suits your car first.</p>",MG Car Audio,Vehicles & Parts > Vehicle Parts & Accessories > Motor Vehicle Electronics > Motor Vehicle A/V Players & In-Dash Systems,Android Radio,"android-radios, make:Universal, type:android-radio, wireless-carplay, android-auto, demo-placeholder",TRUE,Active,MG-RAD-AND-10,,Fitting,Product only,,,,,,,,329.00,,,TRUE,,,,,,shopify,8,DENY,1900,g,TRUE,manual,https://images.unsplash.com/photo-1758411898032-623df9366b26?w=1600&q=80&fm=jpg,1,Large touchscreen radio in a modern dashboard with red trim,,FALSE,"10.1"" Android Radio with Wireless CarPlay | MG Car Audio","10.1-inch Android touchscreen radio with wireless CarPlay and Android Auto, 4GB/64GB. Supplied and fitted at our Dublin 12 workshop.",,,,,,,,New,TRUE,,,,,,Universal,,"10.1""",€479
,mg-select-10in-android-radio-wireless-carplay,,,,,,,,MG-RAD-AND-10-FIT,,,Supplied & fitted,,,,,,,,479.00,,,TRUE,,,,,,shopify,8,DENY,1900,g,TRUE,manual,,,,,,,,,,,,,,,,,,,,,,,,,
"MG Select 7"" Android Radio, Wired CarPlay & Android Auto",mg-select-7in-android-radio,"<p><strong>The budget-friendly way to get maps, music and calls on a touchscreen.</strong> A 7"" double-DIN Android radio with wired Apple CarPlay and Android Auto.</p><h3>Why drivers choose it</h3><ul><li>7"" touchscreen with wired Apple CarPlay and Android Auto</li><li>2GB RAM / 32GB storage, with Android apps</li><li>Bluetooth calls and streaming, plus FM radio</li><li>Reversing camera input</li></ul><h3>What's included</h3><ul><li>7"" double-DIN Android head unit</li><li>Wiring loom, GPS antenna and microphone</li><li>The fascia kit and harness adapter for your car are quoted separately</li></ul><h3>Compatibility</h3><ul><li>Cars with a double-DIN radio opening, or where a double-DIN fascia kit is available</li><li>Send us your reg and we'll confirm what your car needs</li></ul><h3>Fitted at our Dublin 12 workshop</h3><p>Choose <strong>Supplied &amp; fitted</strong> above and our technicians fit it at our workshop in Ballymount, Dublin 12, with hidden wiring and everything tested before you drive away. Book a slot with a <strong>€50 deposit</strong> (it comes off your final bill), or send us your reg on WhatsApp and we'll confirm it suits your car first.</p>",MG Car Audio,Vehicles & Parts > Vehicle Parts & Accessories > Motor Vehicle Electronics > Motor Vehicle A/V Players & In-Dash Systems,Android Radio,"android-radios, make:Universal, type:android-radio, android-auto, demo-placeholder",TRUE,Active,MG-RAD-AND-7,,Fitting,Product only,,,,,,,,179.00,,,TRUE,,,,,,shopify,12,DENY,1300,g,TRUE,manual,https://images.unsplash.com/photo-1631035012469-751baca1d4a0?w=1600&q=80&fm=jpg,1,Touchscreen car radio showing the time in a dark dashboard,,FALSE,"7"" Android Radio with CarPlay & Android Auto | MG Car Audio","Budget 7-inch double-DIN Android radio with wired CarPlay, Android Auto, Bluetooth and camera input. Supplied and fitted in Dublin 12.",,,,,,,,New,TRUE,,,,,,Universal,,"7""",€329
,mg-select-7in-android-radio,,,,,,,,MG-RAD-AND-7-FIT,,,Supplied & fitted,,,,,,,,329.00,,,TRUE,,,,,,shopify,12,DENY,1300,g,TRUE,manual,,,,,,,,,,,,,,,,,,,,,,,,,
"MG Select 9"" Android Radio Kit – VW Golf Mk6, Passat B6/B7 & Tiguan",mg-select-9in-android-radio-kit-vw-golf-mk6,"<p><strong>A complete, car-specific kit for older Volkswagens:</strong> a 9"" Android touchscreen with wireless CarPlay and Android Auto, plus the fascia and plug-in harness to make it look factory-fitted.</p><h3>Why drivers choose it</h3><ul><li>9"" touchscreen in a VW-matched fascia, no gaps and no cutting</li><li>Wireless Apple CarPlay and Android Auto</li><li>Keeps steering wheel controls and the factory parking sensor display (where fitted)</li><li>Bluetooth calls, FM radio and reversing camera input</li></ul><h3>What's included</h3><ul><li>9"" Android head unit</li><li>VW fascia kit and plug-in CAN-bus harness</li><li>GPS antenna and external microphone</li></ul><h3>Compatibility</h3><ul><li>Volkswagen Golf Mk6 (2008–2012), Passat B6/B7 (2005–2014), Tiguan (2007–2016), Touran and Caddy with RCD or RNS radios</li><li>Send us your reg and a photo of your radio and we'll confirm the fit</li></ul><h3>Fitted at our Dublin 12 workshop</h3><p>Choose <strong>Supplied &amp; fitted</strong> above and our technicians fit it at our workshop in Ballymount, Dublin 12, with hidden wiring and everything tested before you drive away. Book a slot with a <strong>€50 deposit</strong> (it comes off your final bill), or send us your reg on WhatsApp and we'll confirm it suits your car first.</p>",MG Car Audio,Vehicles & Parts > Vehicle Parts & Accessories > Motor Vehicle Electronics > Motor Vehicle A/V Players & In-Dash Systems,Android Radio,"android-radios, make:Volkswagen, type:android-radio, wireless-carplay, android-auto, demo-placeholder",TRUE,Active,MG-RAD-VW-9,,Fitting,Product only,,,,,,,,349.00,,,TRUE,,,,,,shopify,6,DENY,2000,g,TRUE,manual,https://images.unsplash.com/photo-1631288299421-a22ed1019274?w=1600&q=80&fm=jpg,1,Double-DIN touchscreen radio fitted in a car's centre console,,FALSE,"VW Golf Mk6 9"" Android Radio Kit, CarPlay | MG Car Audio","9-inch Android radio kit for VW Golf Mk6, Passat B6/B7 and Tiguan with wireless CarPlay, fascia and harness. Fitted in Dublin 12.",,,,,,,,New,TRUE,,,,,,Volkswagen,"Golf (Mk6)
Passat (B6/B7)
Tiguan (5N)","9""",€499
,mg-select-9in-android-radio-kit-vw-golf-mk6,,,,,,,,MG-RAD-VW-9-FIT,,,Supplied & fitted,,,,,,,,499.00,,,TRUE,,,,,,shopify,6,DENY,2000,g,TRUE,manual,,,,,,,,,,,,,,,,,,,,,,,,,
"10.25"" Android Screen Upgrade – BMW 5 Series (F10/F11)",android-screen-upgrade-bmw-f10-10-25,"<p><strong>A 10.25"" widescreen for the F10 5 Series</strong> with wireless Apple CarPlay and Android Auto, sitting in the original screen position with an OEM-style frame.</p><h3>Why drivers choose it</h3><ul><li>10.25"" anti-glare touchscreen</li><li>Wireless CarPlay and Android Auto, plus Android apps</li><li>Original iDrive menus and car settings one press away</li><li>Keeps the iDrive controller, steering wheel buttons and factory reversing camera</li></ul><h3>What's included</h3><ul><li>10.25"" display unit with mounting bracket</li><li>Plug-in harness for your iDrive version (choose it above)</li><li>GPS antenna and external microphone</li></ul><h3>Compatibility</h3><ul><li>BMW 5 Series F10 saloon and F11 touring (approx. 2010–2017)</li><li>Cars with iDrive CIC or NBT</li><li>Send us your reg and a photo of your dash and we'll confirm the fit</li></ul><h3>Fitted at our Dublin 12 workshop</h3><p>Want it fitted? Our technicians install it at our workshop in Ballymount, Dublin 12, with a neat, factory-style finish and everything tested before you drive away. Book a slot online with a <strong>€50 deposit</strong> (it comes off your final bill), or send us your reg and a photo of your dash on WhatsApp and we'll confirm it suits your car first.</p>",MG Car Audio,Vehicles & Parts > Vehicle Parts & Accessories > Motor Vehicle Electronics > Motor Vehicle A/V Players & In-Dash Systems,Android Screen Upgrade,"screen-upgrades, make:BMW, type:screen-upgrade, wireless-carplay, android-auto, demo-placeholder",TRUE,Active,MG-SCR-BMW-F10-CIC,,Original iDrive,CIC (approx. 2010–2013),,,,,,,,599.00,,,TRUE,,,,,,shopify,5,DENY,1800,g,TRUE,manual,https://mg-car-audio-q8due7cj.myshopify.com/cdn/shop/t/3/assets/mg-img-hero-3.webp,1,Large widescreen head unit glowing in a dark car interior at night,,FALSE,"BMW F10 10.25"" Android Screen with CarPlay | MG Car Audio",10.25-inch Android widescreen for the BMW 5 Series F10/F11 with wireless CarPlay and Android Auto. Keeps iDrive. Fitted in Dublin 12.,,,,,,,,New,TRUE,,,,,,BMW,5 Series (F10/F11),"10.25""",€749
,android-screen-upgrade-bmw-f10-10-25,,,,,,,,MG-SCR-BMW-F10-NBT,,,NBT (approx. 2013–2017),,,,,,,,599.00,,,TRUE,,,,,,shopify,5,DENY,1800,g,TRUE,manual,,,,,,,,,,,,,,,,,,,,,,,,,
"8.8"" Android Screen Upgrade – BMW 3 Series (E90/E91/E92)",bmw-e90-8-8-android-screen-upgrade,"<p><strong>Bring the E90 up to date:</strong> an 8.8"" widescreen with wireless Apple CarPlay and Android Auto that sits neatly in the dash, with no loose tablets or suction mounts.</p><h3>Why drivers choose it</h3><ul><li>8.8"" touchscreen in an OEM-style housing</li><li>Wireless CarPlay and Android Auto</li><li>Works with the iDrive controller where fitted, and the steering wheel buttons</li><li>Reversing camera input</li></ul><h3>What's included</h3><ul><li>8.8"" display unit with mounting bracket</li><li>Plug-in harness (choose Product only or Supplied & fitted above)</li><li>GPS antenna and external microphone</li></ul><h3>Compatibility</h3><ul><li>BMW 3 Series E90 saloon, E91 touring and E92/E93 coupé and convertible (approx. 2005–2012)</li><li>With or without factory navigation. Send us a photo of your dash and we'll confirm the kit</li></ul><h3>Fitted at our Dublin 12 workshop</h3><p>Choose <strong>Supplied &amp; fitted</strong> above and our technicians fit it at our workshop in Ballymount, Dublin 12, with hidden wiring and everything tested before you drive away. Book a slot with a <strong>€50 deposit</strong> (it comes off your final bill), or send us your reg on WhatsApp and we'll confirm it suits your car first.</p>",MG Car Audio,Vehicles & Parts > Vehicle Parts & Accessories > Motor Vehicle Electronics > Motor Vehicle A/V Players & In-Dash Systems,Android Screen Upgrade,"screen-upgrades, make:BMW, type:screen-upgrade, wireless-carplay, android-auto, demo-placeholder",TRUE,Active,MG-SCR-BMW-E90,,Fitting,Product only,,,,,,,,449.00,499.00,,TRUE,,,,,,shopify,5,DENY,1600,g,TRUE,manual,https://images.unsplash.com/photo-1735429934563-ba161723361f?w=1600&q=80&fm=jpg,1,Widescreen display in a dark dashboard with the air vents below,,FALSE,"BMW E90 8.8"" Android Screen with CarPlay | MG Car Audio","8.8-inch Android widescreen for BMW 3 Series E90, E91 and E92 with wireless CarPlay and Android Auto. Supplied and fitted in Dublin 12.",,,,,,,,New,TRUE,,,,,,BMW,"3 Series (E90/E91)
3 Series (E92/E93)","8.8""",€599
,bmw-e90-8-8-android-screen-upgrade,,,,,,,,MG-SCR-BMW-E90-FIT,,,Supplied & fitted,,,,,,,,599.00,649.00,,TRUE,,,,,,shopify,5,DENY,1600,g,TRUE,manual,,,,,,,,,,,,,,,,,,,,,,,,,
"10.25"" Android Screen Upgrade – Audi A4 (B8) & A5 (8T)",android-screen-upgrade-audi-a4-b8-10-25,"<p><strong>Replace the small MMI display with a 10.25"" widescreen</strong> with wireless Apple CarPlay and Android Auto, finished to match your Audi's dash.</p><h3>Why drivers choose it</h3><ul><li>10.25"" anti-glare touchscreen in an Audi-style frame</li><li>Wireless CarPlay and Android Auto</li><li>Original MMI radio and car settings stay available</li><li>Keeps the MMI dial, steering wheel buttons and factory camera where fitted</li></ul><h3>What's included</h3><ul><li>10.25"" display unit with mounting bracket</li><li>Plug-in harness for MMI 3G, 3G+ or Concert/Symphony</li><li>GPS antenna and external microphone</li></ul><h3>Compatibility</h3><ul><li>Audi A4 (B8, approx. 2008–2016) and A5 (8T, approx. 2007–2016)</li><li>Send us your reg and a photo of your MMI screen and we'll confirm the fit</li></ul><h3>Fitted at our Dublin 12 workshop</h3><p>Choose <strong>Supplied &amp; fitted</strong> above and our technicians fit it at our workshop in Ballymount, Dublin 12, with hidden wiring and everything tested before you drive away. Book a slot with a <strong>€50 deposit</strong> (it comes off your final bill), or send us your reg on WhatsApp and we'll confirm it suits your car first.</p>",MG Car Audio,Vehicles & Parts > Vehicle Parts & Accessories > Motor Vehicle Electronics > Motor Vehicle A/V Players & In-Dash Systems,Android Screen Upgrade,"screen-upgrades, make:Audi, type:screen-upgrade, wireless-carplay, android-auto, demo-placeholder",TRUE,Active,MG-SCR-AUDI-B8,,Fitting,Product only,,,,,,,,579.00,,,TRUE,,,,,,shopify,5,DENY,1800,g,TRUE,manual,https://images.unsplash.com/photo-1652509059638-1784b02c40b4?w=1600&q=80&fm=jpg,1,Widescreen navigation display mounted above the centre console of an Audi-style dash,,FALSE,"Audi A4 B8 10.25"" Android Screen with CarPlay | MG Car Audio",10.25-inch Android widescreen for Audi A4 B8 and A5 8T with wireless CarPlay and Android Auto. Keeps MMI. Supplied and fitted in Dublin 12.,,,,,,,,New,TRUE,,,,,,Audi,"A4 (B8)
A5 (8T)","10.25""",€729
,android-screen-upgrade-audi-a4-b8-10-25,,,,,,,,MG-SCR-AUDI-B8-FIT,,,Supplied & fitted,,,,,,,,729.00,,,TRUE,,,,,,shopify,5,DENY,1800,g,TRUE,manual,,,,,,,,,,,,,,,,,,,,,,,,,
"10.25"" Android Screen Upgrade – Mercedes-Benz A-Class (W176), CLA & GLA",android-screen-upgrade-mercedes-a-class-w176,"<p><strong>A 10.25"" widescreen for the compact Mercedes range</strong> with wireless Apple CarPlay and Android Auto, replacing the original tablet-style display.</p><h3>Why drivers choose it</h3><ul><li>10.25"" anti-glare touchscreen that fits the original screen mount</li><li>Wireless CarPlay and Android Auto</li><li>Original Mercedes menus stay one press away</li><li>Keeps the rotary controller, steering wheel buttons and reversing camera</li></ul><h3>What's included</h3><ul><li>10.25"" display unit</li><li>Plug-in harness for NTG 4.5 or NTG 5</li><li>GPS antenna and external microphone</li></ul><h3>Compatibility</h3><ul><li>Mercedes-Benz A-Class (W176), CLA (C117), GLA (X156) and B-Class (W246), approx. 2012–2019</li><li>Send us your reg and a photo of your dash and we'll confirm the fit</li></ul><h3>Fitted at our Dublin 12 workshop</h3><p>Choose <strong>Supplied &amp; fitted</strong> above and our technicians fit it at our workshop in Ballymount, Dublin 12, with hidden wiring and everything tested before you drive away. Book a slot with a <strong>€50 deposit</strong> (it comes off your final bill), or send us your reg on WhatsApp and we'll confirm it suits your car first.</p>",MG Car Audio,Vehicles & Parts > Vehicle Parts & Accessories > Motor Vehicle Electronics > Motor Vehicle A/V Players & In-Dash Systems,Android Screen Upgrade,"screen-upgrades, make:Mercedes-Benz, type:screen-upgrade, wireless-carplay, android-auto, demo-placeholder",TRUE,Active,MG-SCR-MB-W176,,Fitting,Product only,,,,,,,,549.00,,,TRUE,,,,,,shopify,5,DENY,1700,g,TRUE,manual,https://images.unsplash.com/photo-1695632231361-7468689ed9a4?w=1600&q=80&fm=jpg,1,Touchscreen navigation display in a modern car dashboard,,FALSE,"Mercedes A-Class W176 Android Screen, CarPlay | MG Car Audio","10.25-inch Android widescreen for Mercedes A-Class W176, CLA, GLA and B-Class with wireless CarPlay. Supplied and fitted in Dublin 12.",,,,,,,,New,TRUE,,,,,,Mercedes-Benz,"A-Class (W176)
CLA (C117)
GLA (X156)
B-Class (W246)","10.25""",€699
,android-screen-upgrade-mercedes-a-class-w176,,,,,,,,MG-SCR-MB-W176-FIT,,,Supplied & fitted,,,,,,,,699.00,,,TRUE,,,,,,shopify,5,DENY,1700,g,TRUE,manual,,,,,,,,,,,,,,,,,,,,,,,,,
"MG Select 6.5"" Component Speaker Set",mg-select-6-5in-component-speakers,"<p><strong>The single biggest improvement you can make to a factory system.</strong> Separate 6.5"" woofers and silk-dome tweeters put the sound up at ear level, with clearer vocals and tighter bass.</p><h3>Why drivers choose it</h3><ul><li>6.5"" (165mm) woofers with separate 25mm silk-dome tweeters</li><li>Passive crossovers for a smooth, natural sound</li><li>Runs well on a factory radio and sounds even better with an amplifier</li><li>70W RMS per side, 4 ohms</li></ul><h3>What's included</h3><ul><li>Pair of 6.5"" woofers and pair of tweeters</li><li>Crossovers, tweeter mounts and grilles</li></ul><h3>Compatibility</h3><ul><li>Front doors of most cars with a 6.5"" (165mm) speaker, using car-specific adapters where needed</li><li>Send us your reg and we'll confirm the adapters for your car</li></ul><h3>Fitted at our Dublin 12 workshop</h3><p>Choose <strong>Supplied &amp; fitted</strong> above and our technicians fit it at our workshop in Ballymount, Dublin 12, with hidden wiring and everything tested before you drive away. Book a slot with a <strong>€50 deposit</strong> (it comes off your final bill), or send us your reg on WhatsApp and we'll confirm it suits your car first.</p>",MG Car Audio,Vehicles & Parts > Vehicle Parts & Accessories > Motor Vehicle Electronics > Motor Vehicle Speakers > Component Speakers,Speakers,"speakers, make:Universal, type:speakers, demo-placeholder",TRUE,Active,MG-SPK-COMP-65,,Fitting,Product only,,,,,,,,149.00,,,TRUE,,,,,,shopify,10,DENY,2400,g,TRUE,manual,https://images.unsplash.com/photo-1645536729519-134e3b7e9e88?w=1600&q=80&fm=jpg,1,"Assortment of car speakers, woofers and tweeters on a dark background",,FALSE,"6.5"" Component Car Speakers, Supplied & Fitted | MG Car Audio","6.5-inch component speaker set with silk-dome tweeters and crossovers. Clearer vocals, tighter bass. Supplied and fitted at our Dublin 12 workshop.",,,,,,,,New,TRUE,,,,,,Universal,,,€228
,mg-select-6-5in-component-speakers,,,,,,,,MG-SPK-COMP-65-FIT,,,Supplied & fitted,,,,,,,,228.00,,,TRUE,,,,,,shopify,10,DENY,2400,g,TRUE,manual,,,,,,,,,,,,,,,,,,,,,,,,,
"MG Select 6x9"" 3-Way Coaxial Speakers",mg-select-6x9-coaxial-speakers,"<p><strong>Big oval speakers for the rear shelf or doors</strong>, with a 3-way design that fills the car with sound.</p><h3>Why drivers choose it</h3><ul><li>6x9"" 3-way design: woofer, midrange and tweeter</li><li>80W RMS, 4 ohms</li><li>Deeper bass than standard round speakers</li></ul><h3>What's included</h3><ul><li>Pair of 6x9"" speakers with grilles</li><li>Mounting hardware</li></ul><h3>Compatibility</h3><ul><li>Cars with 6x9"" rear shelf or door positions, including many Ford, Toyota and Nissan models</li><li>Send us your reg and we'll confirm the fit</li></ul><h3>Fitted at our Dublin 12 workshop</h3><p>Choose <strong>Supplied &amp; fitted</strong> above and our technicians fit it at our workshop in Ballymount, Dublin 12, with hidden wiring and everything tested before you drive away. Book a slot with a <strong>€50 deposit</strong> (it comes off your final bill), or send us your reg on WhatsApp and we'll confirm it suits your car first.</p>",MG Car Audio,Vehicles & Parts > Vehicle Parts & Accessories > Motor Vehicle Electronics > Motor Vehicle Speakers > Coaxial Speakers,Speakers,"speakers, make:Universal, type:speakers, demo-placeholder",TRUE,Active,MG-SPK-6X9,,Fitting,Product only,,,,,,,,99.00,,,TRUE,,,,,,shopify,10,DENY,2600,g,TRUE,manual,https://images.unsplash.com/photo-1645536729183-33ad0e767aef?w=1600&q=80&fm=jpg,1,Car speakers of different sizes laid out together,,FALSE,"6x9"" 3-Way Car Speakers, Supplied & Fitted | MG Car Audio","6x9-inch 3-way coaxial car speakers, 80W RMS, for rear shelves and doors. Supplied and fitted at our Dublin 12 workshop.",,,,,,,,New,TRUE,,,,,,Universal,,,€158
,mg-select-6x9-coaxial-speakers,,,,,,,,MG-SPK-6X9-FIT,,,Supplied & fitted,,,,,,,,158.00,,,TRUE,,,,,,shopify,10,DENY,2600,g,TRUE,manual,,,,,,,,,,,,,,,,,,,,,,,,,
"MG Select 3.5"" Dash Speaker Pair",mg-select-3-5in-dash-speakers,"<p><strong>Replace the tinny factory dash speakers</strong> with a 3.5"" pair that brings vocals up to ear level.</p><h3>Why drivers choose it</h3><ul><li>3.5"" (87mm) full-range drivers</li><li>Clear, detailed midrange for vocals and podcasts</li><li>Shallow mounting depth for dash and pillar positions</li></ul><h3>What's included</h3><ul><li>Pair of 3.5"" speakers</li><li>Mounting hardware</li></ul><h3>Compatibility</h3><ul><li>Dash top and A-pillar positions in many VW, Audi, Skoda, SEAT and Toyota models</li><li>Send us your reg and we'll confirm the fit</li></ul><h3>Fitted at our Dublin 12 workshop</h3><p>Choose <strong>Supplied &amp; fitted</strong> above and our technicians fit it at our workshop in Ballymount, Dublin 12, with hidden wiring and everything tested before you drive away. Book a slot with a <strong>€50 deposit</strong> (it comes off your final bill), or send us your reg on WhatsApp and we'll confirm it suits your car first.</p>",MG Car Audio,Vehicles & Parts > Vehicle Parts & Accessories > Motor Vehicle Electronics > Motor Vehicle Speakers > Mid-Range Speakers,Speakers,"speakers, make:Universal, type:speakers, demo-placeholder",TRUE,Active,MG-SPK-DASH-35,,Fitting,Product only,,,,,,,,69.00,,,TRUE,,,,,,shopify,12,DENY,600,g,TRUE,manual,https://images.unsplash.com/photo-1641264024413-f5e6a9ce2f06?w=1600&q=80&fm=jpg,1,Speaker grille on top of a car dashboard,,FALSE,"3.5"" Dash Speaker Pair, Supplied & Fitted | MG Car Audio",3.5-inch full-range dash speakers for clearer vocals at ear level. Shallow fit for dash and pillar positions. Fitted in Dublin 12.,,,,,,,,New,TRUE,,,,,,Universal,,,€118
,mg-select-3-5in-dash-speakers,,,,,,,,MG-SPK-DASH-35-FIT,,,Supplied & fitted,,,,,,,,118.00,,,TRUE,,,,,,shopify,12,DENY,600,g,TRUE,manual,,,,,,,,,,,,,,,,,,,,,,,,,
BMW Plug-and-Play Speaker Upgrade Kit – F-Series,bmw-speaker-upgrade-kit-f-series,"<p><strong>A direct-fit upgrade for BMW's standard hi-fi:</strong> 4"" midrange door speakers and 8"" under-seat woofers that plug straight into the factory connectors.</p><h3>Why drivers choose it</h3><ul><li>8"" under-seat woofers for noticeably deeper bass</li><li>4"" midrange door speakers for clearer vocals</li><li>Plug-and-play: no cutting of factory wiring</li><li>Works with the factory radio, CarPlay interfaces and screen upgrades</li></ul><h3>What's included</h3><ul><li>Pair of 8"" under-seat woofers</li><li>Pair of 4"" door midrange speakers</li><li>Plug-in adapters</li></ul><h3>Compatibility</h3><ul><li>BMW F-series with under-seat woofers: 1 Series (F20/F21), 2 Series (F22), 3 Series (F30/F31), 4 Series (F32/F36), X1 (F48)</li><li>Send us your reg and we'll confirm your car's speaker layout</li></ul><h3>Fitted at our Dublin 12 workshop</h3><p>Choose <strong>Supplied &amp; fitted</strong> above and our technicians fit it at our workshop in Ballymount, Dublin 12, with hidden wiring and everything tested before you drive away. Book a slot with a <strong>€50 deposit</strong> (it comes off your final bill), or send us your reg on WhatsApp and we'll confirm it suits your car first.</p>",MG Car Audio,Vehicles & Parts > Vehicle Parts & Accessories > Motor Vehicle Electronics > Motor Vehicle Speakers,Speakers,"speakers, make:BMW, type:speakers, demo-placeholder",TRUE,Active,MG-SPK-BMW-F,,Fitting,Product only,,,,,,,,299.00,,,TRUE,,,,,,shopify,6,DENY,4200,g,TRUE,manual,https://mg-car-audio-q8due7cj.myshopify.com/cdn/shop/t/3/assets/mg-img-gallery-2.webp,1,Door speaker grille with red ambient lighting in a car door,,FALSE,"BMW F-Series Speaker Upgrade Kit, Plug and Play | MG Car Audio","Plug-and-play speaker upgrade for BMW F-series: 8"" under-seat woofers and 4"" door speakers, no cutting. Supplied and fitted in Dublin 12.",,,,,,,,New,TRUE,,,,,,BMW,"1 Series (F20/F21)
2 Series (F22/F23)
3 Series (F30/F31)
4 Series (F32/F33/F36)
X1 (F48)",,€399
,bmw-speaker-upgrade-kit-f-series,,,,,,,,MG-SPK-BMW-F-FIT,,,Supplied & fitted,,,,,,,,399.00,,,TRUE,,,,,,shopify,6,DENY,4200,g,TRUE,manual,,,,,,,,,,,,,,,,,,,,,,,,,
Speaker Fitting (per pair),speaker-fitting,"<p><strong>Speakers you bought elsewhere, or from us, fitted properly.</strong> We fit door, dash and rear speakers with the right adapters so they sound as good as they should.</p><h3>What's included</h3><ul><li>Removal of door cards or trim and the old speakers</li><li>Fitting your new speakers with adapters and sound-deadening pads</li><li>Tweeter and crossover mounting for component sets</li><li>Sound check before you leave</li></ul><h3>Good to know</h3><ul><li>About 1 hour per pair on most cars</li><li>Price is per pair. Car-specific adapters or harnesses are extra if your car needs them</li><li>Send us your reg and we'll confirm the price before you book</li></ul><h3>Fitted at our Dublin 12 workshop</h3><p>Book your slot online and we'll look after the rest at our workshop in Ballymount, Dublin 12 (Mon–Fri 9:30am–7pm, Sat 11am–7pm, Sun by appointment). A <strong>€50 deposit</strong> secures your slot and comes off your final bill. Not sure this is the right service for your car? Send us your reg and a photo of your dash on WhatsApp and we'll point you to the right one.</p>",MG Car Audio,,Installation,"speakers, make:Universal, type:installation, demo-price, badge:Fitted in 1 hr",TRUE,Active,MG-SVC-SPK-FIT,,Title,Default Title,,,,,,,,79.00,,,TRUE,,,,,,,,CONTINUE,,,FALSE,manual,https://static.wixstatic.com/media/c67c38_0b96be4f009645aaadd64bbc72e06af2~mv2.jpg,1,Car door speaker cone lit in a dark door panel,,FALSE,Car Speaker Fitting in Dublin | MG Car Audio,"Professional car speaker fitting per pair: doors, dash and rear shelf, with adapters and a sound check. About an hour at our Dublin 12 workshop.",,,,,,,,,,,,,,,Universal,,,€79
"MG Select 10"" Compact Active Subwoofer",mg-select-10in-underseat-active-subwoofer,"<p><strong>Real bass without losing your boot.</strong> A compact powered subwoofer with its own built-in amplifier, small enough to fit under a seat or in the spare wheel well.</p><h3>Why drivers choose it</h3><ul><li>10"" driver in a slim aluminium enclosure</li><li>Built-in 150W RMS amplifier</li><li>Remote bass level control</li><li>Works with factory radios through high-level inputs</li></ul><h3>What's included</h3><ul><li>Active subwoofer with built-in amplifier</li><li>Wiring kit and bass remote</li></ul><h3>Compatibility</h3><ul><li>Most cars with space under the front seat or in the boot</li><li>Send us your reg and we'll confirm where it will fit</li></ul><h3>Fitted at our Dublin 12 workshop</h3><p>Choose <strong>Supplied &amp; fitted</strong> above and our technicians fit it at our workshop in Ballymount, Dublin 12, with hidden wiring and everything tested before you drive away. Book a slot with a <strong>€50 deposit</strong> (it comes off your final bill), or send us your reg on WhatsApp and we'll confirm it suits your car first.</p>",MG Car Audio,Vehicles & Parts > Vehicle Parts & Accessories > Motor Vehicle Electronics > Motor Vehicle Subwoofers,Subwoofer,"subwoofers, make:Universal, type:subwoofer, demo-placeholder",TRUE,Active,MG-SUB-ACT-10,,Fitting,Product only,,,,,,,,179.00,,,TRUE,,,,,,shopify,8,DENY,5500,g,TRUE,manual,https://images.unsplash.com/photo-1643067215158-debf59cb504c?w=1600&q=80&fm=jpg,1,Compact subwoofer enclosure standing on a wooden floor,,FALSE,"10"" Compact Active Car Subwoofer | MG Car Audio","Compact 10-inch powered subwoofer with built-in 150W amp, fits under a seat. Works with factory radios. Supplied and fitted in Dublin 12.",,,,,,,,New,TRUE,,,,,,Universal,,,€279
,mg-select-10in-underseat-active-subwoofer,,,,,,,,MG-SUB-ACT-10-FIT,,,Supplied & fitted,,,,,,,,279.00,,,TRUE,,,,,,shopify,8,DENY,5500,g,TRUE,manual,,,,,,,,,,,,,,,,,,,,,,,,,
"MG Select 10"" Active Subwoofer Enclosure, 300W",mg-select-10in-slim-active-subwoofer-enclosure,"<p><strong>Plug-in bass for any car.</strong> A 10"" subwoofer in a sealed boot enclosure with a 300W amplifier built in, so there's no separate amp to fit.</p><h3>Why drivers choose it</h3><ul><li>10"" subwoofer in a sealed, carpeted enclosure</li><li>Built-in 300W RMS amplifier</li><li>High-level inputs for factory radios, RCA inputs for aftermarket radios</li></ul><h3>What's included</h3><ul><li>Active subwoofer enclosure</li><li>Wiring kit and bass remote</li></ul><h3>Compatibility</h3><ul><li>Most hatchbacks, saloons and estates</li><li>Send us your reg and we'll confirm the fit</li></ul><h3>Fitted at our Dublin 12 workshop</h3><p>Choose <strong>Supplied &amp; fitted</strong> above and our technicians fit it at our workshop in Ballymount, Dublin 12, with hidden wiring and everything tested before you drive away. Book a slot with a <strong>€50 deposit</strong> (it comes off your final bill), or send us your reg on WhatsApp and we'll confirm it suits your car first.</p>",MG Car Audio,Vehicles & Parts > Vehicle Parts & Accessories > Motor Vehicle Electronics > Motor Vehicle Subwoofers,Subwoofer,"subwoofers, make:Universal, type:subwoofer, demo-placeholder",TRUE,Active,MG-SUB-ENC-10A,,Fitting,Product only,,,,,,,,249.00,,,TRUE,,,,,,shopify,6,DENY,11000,g,TRUE,manual,https://mg-car-audio-q8due7cj.myshopify.com/cdn/shop/t/3/assets/mg-img-sys-subs-amps.webp,1,Subwoofer installed in a car boot with blue LED lighting,,FALSE,"10"" Active Subwoofer Enclosure 300W | MG Car Audio",10-inch active subwoofer enclosure with a built-in 300W amplifier. Works with factory and aftermarket radios. Supplied and fitted in Dublin 12.,,,,,,,,New,TRUE,,,,,,Universal,,,€349
,mg-select-10in-slim-active-subwoofer-enclosure,,,,,,,,MG-SUB-ENC-10A-FIT,,,Supplied & fitted,,,,,,,,349.00,,,TRUE,,,,,,shopify,6,DENY,11000,g,TRUE,manual,,,,,,,,,,,,,,,,,,,,,,,,,
"MG Select 12"" Subwoofer in Ported Enclosure",mg-select-12in-subwoofer-ported-enclosure,"<p><strong>Deep, loud bass you can feel.</strong> A 12"" subwoofer in a tuned ported enclosure, ready to pair with a mono amplifier.</p><h3>Why drivers choose it</h3><ul><li>12"" subwoofer, 400W RMS</li><li>Ported enclosure tuned for deep, punchy bass</li><li>Carpeted finish to match most boots</li></ul><h3>What's included</h3><ul><li>12"" subwoofer fitted in a ported enclosure</li><li>Needs an amplifier: see our Mono Sub Amplifier or the Bass Package</li></ul><h3>Compatibility</h3><ul><li>Most hatchbacks, saloons and estates with boot space for a 12"" enclosure</li><li>Send us your reg and we'll confirm the fit</li></ul><h3>Fitted at our Dublin 12 workshop</h3><p>Choose <strong>Supplied &amp; fitted</strong> above and our technicians fit it at our workshop in Ballymount, Dublin 12, with hidden wiring and everything tested before you drive away. Book a slot with a <strong>€50 deposit</strong> (it comes off your final bill), or send us your reg on WhatsApp and we'll confirm it suits your car first.</p>",MG Car Audio,Vehicles & Parts > Vehicle Parts & Accessories > Motor Vehicle Electronics > Motor Vehicle Subwoofers,Subwoofer,"subwoofers, make:Universal, type:subwoofer, demo-placeholder",TRUE,Active,MG-SUB-ENC-12P,,Fitting,Product only,,,,,,,,229.00,,,TRUE,,,,,,shopify,4,DENY,16000,g,TRUE,manual,https://images.unsplash.com/photo-1631980048040-0f123527f1b0?w=1600&q=80&fm=jpg,1,Subwoofer enclosure fitted in the boot of a hatchback,,FALSE,"12"" Car Subwoofer in Ported Enclosure | MG Car Audio","12-inch 400W car subwoofer in a tuned ported enclosure for deep, punchy bass. Supplied and fitted at our Dublin 12 workshop.",,,,,,,,New,TRUE,,,,,,Universal,,,€319
,mg-select-12in-subwoofer-ported-enclosure,,,,,,,,MG-SUB-ENC-12P-FIT,,,Supplied & fitted,,,,,,,,319.00,,,TRUE,,,,,,shopify,4,DENY,16000,g,TRUE,manual,,,,,,,,,,,,,,,,,,,,,,,,,
"MG Select 12"" Subwoofer Driver, Dual Voice Coil",mg-select-12in-subwoofer-driver,"<p><strong>For custom builds and enclosure upgrades:</strong> a 12"" dual voice coil subwoofer driver with plenty of power handling.</p><h3>Why drivers choose it</h3><ul><li>12"" driver, 500W RMS</li><li>Dual 2-ohm voice coils for flexible wiring</li><li>Suits sealed or ported enclosures</li></ul><h3>What's included</h3><ul><li>12"" subwoofer driver</li><li>Enclosure and amplifier are not included</li></ul><h3>Good to know</h3><ul><li>We build and fit custom enclosures. Ask us for a quote</li><li>Pairs well with our Mono Sub Amplifier</li></ul><h3>Collect or have it fitted in Dublin 12</h3><p>Order online and collect from our workshop in Ballymount, Dublin 12, or we deliver across Ireland. Want it fitted? Add it to any fitting booking and we'll install it while your car is with us.</p>",MG Car Audio,Vehicles & Parts > Vehicle Parts & Accessories > Motor Vehicle Electronics > Motor Vehicle Speakers > Woofers,Subwoofer,"subwoofers, make:Universal, type:subwoofer, demo-placeholder",TRUE,Active,MG-SUB-DRV-12,,Title,Default Title,,,,,,,,99.00,,,TRUE,,,,,,shopify,6,DENY,6500,g,TRUE,manual,https://images.unsplash.com/photo-1702746708573-9a9a8ab86679?w=1600&q=80&fm=jpg,1,Pair of subwoofer drivers with blue cones on a black background,,FALSE,"12"" Dual Voice Coil Subwoofer Driver | MG Car Audio","12-inch dual voice coil car subwoofer driver, 500W RMS, for sealed or ported enclosures. Collect or have it fitted in Dublin 12.",,,,,,,,New,TRUE,,,,,,Universal,,,
"Bass Package: 12"" Subwoofer, Mono Amplifier & Wiring Kit",bass-package-12in-subwoofer-amplifier,"<p><strong>Everything you need for proper bass, in one box.</strong> A 12"" ported subwoofer, a matched mono amplifier and a full wiring kit.</p><h3>Why drivers choose it</h3><ul><li>12"" subwoofer in a ported enclosure, 400W RMS</li><li>Matched Class-D mono amplifier with bass remote</li><li>Works with factory radios through high-level inputs</li><li>Save compared with buying each part separately</li></ul><h3>What's included</h3><ul><li>12"" subwoofer in ported enclosure</li><li>Mono Class-D amplifier</li><li>4 AWG wiring kit with fuse holder</li></ul><h3>Compatibility</h3><ul><li>Most hatchbacks, saloons and estates</li><li>Send us your reg and we'll confirm the fit</li></ul><h3>Fitted at our Dublin 12 workshop</h3><p>Choose <strong>Supplied &amp; fitted</strong> above and our technicians fit it at our workshop in Ballymount, Dublin 12, with hidden wiring and everything tested before you drive away. Book a slot with a <strong>€50 deposit</strong> (it comes off your final bill), or send us your reg on WhatsApp and we'll confirm it suits your car first.</p>",MG Car Audio,Vehicles & Parts > Vehicle Parts & Accessories > Motor Vehicle Electronics > Motor Vehicle Subwoofers,Subwoofer,"subwoofers, amplifiers, make:Universal, type:subwoofer, demo-placeholder",TRUE,Active,MG-SUB-PKG-12,,Fitting,Product only,,,,,,,,449.00,529.00,,TRUE,,,,,,shopify,4,DENY,21000,g,TRUE,manual,https://images.unsplash.com/photo-1726248985986-20bef82d2b52?w=1600&q=80&fm=jpg,1,Custom subwoofer and amplifier build in a car boot with green lighting,,FALSE,"Car Bass Package: 12"" Sub, Amp & Wiring Kit | MG Car Audio","12-inch subwoofer, matched mono amplifier and wiring kit in one package. Works with factory radios. Supplied and fitted in Dublin 12.",,,,,,,,New,TRUE,,,,,,Universal,,,€599
,bass-package-12in-subwoofer-amplifier,,,,,,,,MG-SUB-PKG-12-FIT,,,Supplied & fitted,,,,,,,,599.00,689.00,,TRUE,,,,,,shopify,4,DENY,21000,g,TRUE,manual,,,,,,,,,,,,,,,,,,,,,,,,,
Subwoofer & Amplifier Installation,subwoofer-amplifier-installation,"<p><strong>Bought a sub and amp? We'll fit them safely and neatly.</strong> A proper power cable from the battery, hidden wiring and the amp set up so the bass is deep and clean.</p><h3>What's included</h3><ul><li>Power cable from the battery with an inline fuse</li><li>Hidden signal and remote wiring</li><li>Mounting the amplifier and securing the subwoofer</li><li>Gain and crossover set-up, plus a sound check</li></ul><h3>Good to know</h3><ul><li>About 2 to 3 hours on most cars</li><li>Price is for fitting only. Wiring kit extra if you don't have one</li><li>Send us your reg and we'll confirm the price before you book</li></ul><h3>Fitted at our Dublin 12 workshop</h3><p>Book your slot online and we'll look after the rest at our workshop in Ballymount, Dublin 12 (Mon–Fri 9:30am–7pm, Sat 11am–7pm, Sun by appointment). A <strong>€50 deposit</strong> secures your slot and comes off your final bill. Not sure this is the right service for your car? Send us your reg and a photo of your dash on WhatsApp and we'll point you to the right one.</p>",MG Car Audio,,Installation,"subwoofers, amplifiers, make:Universal, type:installation, demo-price",TRUE,Active,MG-SVC-SUB-AMP,,Title,Default Title,,,,,,,,149.00,,,TRUE,,,,,,,,CONTINUE,,,FALSE,manual,https://mg-car-audio-q8due7cj.myshopify.com/cdn/shop/t/3/assets/mg-img-panel-workshop.webp,1,Car on stands in a workshop with the bonnet up,,FALSE,"Subwoofer & Amplifier Installation, Dublin | MG Car Audio","Professional subwoofer and amplifier installation: fused power cable, hidden wiring and amp set-up. At our Dublin 12 workshop.",,,,,,,,,,,,,,,Universal,,,€149
"MG Select 4-Channel Class-D Amplifier, 4 x 80W",mg-select-4-channel-amplifier,"<p><strong>Clean power for your speakers.</strong> A compact 4-channel Class-D amplifier that makes upgraded speakers come alive, even with a factory radio.</p><h3>Why drivers choose it</h3><ul><li>4 x 80W RMS at 4 ohms, bridgeable to 2 x 200W</li><li>Class-D design runs cool and fits under a seat</li><li>High-level inputs for factory radios</li><li>Adjustable high- and low-pass crossovers</li></ul><h3>What's included</h3><ul><li>4-channel amplifier</li><li>Mounting screws and speaker terminal plugs</li><li>Wiring kit sold separately</li></ul><h3>Compatibility</h3><ul><li>Works with factory and aftermarket radios</li><li>Send us your reg and we'll recommend the right set-up</li></ul><h3>Fitted at our Dublin 12 workshop</h3><p>Choose <strong>Supplied &amp; fitted</strong> above and our technicians fit it at our workshop in Ballymount, Dublin 12, with hidden wiring and everything tested before you drive away. Book a slot with a <strong>€50 deposit</strong> (it comes off your final bill), or send us your reg on WhatsApp and we'll confirm it suits your car first.</p>",MG Car Audio,Vehicles & Parts > Vehicle Parts & Accessories > Motor Vehicle Electronics > Motor Vehicle Amplifiers,Amplifier,"amplifiers, make:Universal, type:amplifier, demo-placeholder",TRUE,Active,MG-AMP-4CH-80,,Fitting,Product only,,,,,,,,199.00,,,TRUE,,,,,,shopify,6,DENY,2100,g,TRUE,manual,https://images.unsplash.com/photo-1563770660941-20978e870e26?w=1600&q=80&fm=jpg,1,Technician working on an amplifier circuit board with a screwdriver,,FALSE,4-Channel Car Amplifier 4 x 80W | MG Car Audio,"Compact 4-channel Class-D car amplifier, 4 x 80W RMS, with high-level inputs for factory radios. Supplied and fitted in Dublin 12.",,,,,,,,New,TRUE,,,,,,Universal,,,€319
,mg-select-4-channel-amplifier,,,,,,,,MG-AMP-4CH-80-FIT,,,Supplied & fitted,,,,,,,,319.00,,,TRUE,,,,,,shopify,6,DENY,2100,g,TRUE,manual,,,,,,,,,,,,,,,,,,,,,,,,,
"MG Select Mono Sub Amplifier, 1 x 500W",mg-select-mono-sub-amplifier,"<p><strong>Built to drive a subwoofer.</strong> A monoblock Class-D amplifier with bass boost and a remote level control.</p><h3>Why drivers choose it</h3><ul><li>1 x 500W RMS at 2 ohms</li><li>Variable low-pass filter and subsonic filter</li><li>Remote bass level knob</li><li>High-level inputs for factory radios</li></ul><h3>What's included</h3><ul><li>Mono amplifier and bass remote</li><li>Wiring kit sold separately</li></ul><h3>Compatibility</h3><ul><li>Pairs with our 12"" subwoofer driver and enclosures</li><li>Works with factory and aftermarket radios</li></ul><h3>Fitted at our Dublin 12 workshop</h3><p>Choose <strong>Supplied &amp; fitted</strong> above and our technicians fit it at our workshop in Ballymount, Dublin 12, with hidden wiring and everything tested before you drive away. Book a slot with a <strong>€50 deposit</strong> (it comes off your final bill), or send us your reg on WhatsApp and we'll confirm it suits your car first.</p>",MG Car Audio,Vehicles & Parts > Vehicle Parts & Accessories > Motor Vehicle Electronics > Motor Vehicle Amplifiers,Amplifier,"amplifiers, make:Universal, type:amplifier, demo-placeholder",TRUE,Active,MG-AMP-MONO-500,,Fitting,Product only,,,,,,,,179.00,,,TRUE,,,,,,shopify,6,DENY,2400,g,TRUE,manual,https://images.unsplash.com/photo-1651340765216-ba02df201308?w=1600&q=80&fm=jpg,1,Close-up of an amplifier circuit board with electronic components,,FALSE,Mono Subwoofer Amplifier 500W | MG Car Audio,"Class-D mono subwoofer amplifier, 500W RMS at 2 ohms, with bass remote and high-level inputs. Supplied and fitted in Dublin 12.",,,,,,,,New,TRUE,,,,,,Universal,,,€299
,mg-select-mono-sub-amplifier,,,,,,,,MG-AMP-MONO-500-FIT,,,Supplied & fitted,,,,,,,,299.00,,,TRUE,,,,,,shopify,6,DENY,2400,g,TRUE,manual,,,,,,,,,,,,,,,,,,,,,,,,,
"MG Select Micro 4-Channel Amplifier, Behind-the-Radio",mg-select-micro-4-channel-amplifier,"<p><strong>Small enough to hide behind the radio.</strong> A micro amplifier that doubles the power to your speakers without taking up any space.</p><h3>Why drivers choose it</h3><ul><li>4 x 50W RMS in a palm-sized case</li><li>Fits behind the radio or dash</li><li>Ideal for CarPlay interfaces and screen upgrades</li></ul><h3>What's included</h3><ul><li>Micro 4-channel amplifier</li><li>Plug-in harness adapters are car-specific and quoted separately</li></ul><h3>Compatibility</h3><ul><li>Most factory and aftermarket radios</li><li>Send us your reg and we'll confirm the harness your car needs</li></ul><h3>Fitted at our Dublin 12 workshop</h3><p>Choose <strong>Supplied &amp; fitted</strong> above and our technicians fit it at our workshop in Ballymount, Dublin 12, with hidden wiring and everything tested before you drive away. Book a slot with a <strong>€50 deposit</strong> (it comes off your final bill), or send us your reg on WhatsApp and we'll confirm it suits your car first.</p>",MG Car Audio,Vehicles & Parts > Vehicle Parts & Accessories > Motor Vehicle Electronics > Motor Vehicle Amplifiers,Amplifier,"amplifiers, make:Universal, type:amplifier, demo-placeholder",TRUE,Active,MG-AMP-MICRO-4,,Fitting,Product only,,,,,,,,149.00,,,TRUE,,,,,,shopify,8,DENY,700,g,TRUE,manual,https://images.unsplash.com/photo-1675602488453-c3897a475af5?w=1600&q=80&fm=jpg,1,Close-up of a green circuit board with capacitors and resistors,,FALSE,Micro 4-Channel Car Amplifier | MG Car Audio,"Palm-sized 4-channel car amplifier, 4 x 50W, that fits behind the radio. Ideal with CarPlay upgrades. Supplied and fitted in Dublin 12.",,,,,,,,New,TRUE,,,,,,Universal,,,€249
,mg-select-micro-4-channel-amplifier,,,,,,,,MG-AMP-MICRO-4-FIT,,,Supplied & fitted,,,,,,,,249.00,,,TRUE,,,,,,shopify,8,DENY,700,g,TRUE,manual,,,,,,,,,,,,,,,,,,,,,,,,,
BMW Plug-and-Play 8-Channel DSP Amplifier,bmw-plug-and-play-dsp-amplifier,"<p><strong>The upgrade that makes BMW's standard audio sound premium.</strong> An 8-channel DSP amplifier that plugs into the factory harness and is tuned to your car.</p><h3>Why drivers choose it</h3><ul><li>8-channel amplifier with built-in digital sound processor</li><li>Plug-and-play into the factory BMW harness, no cutting</li><li>Custom tuning for your car's speakers and cabin</li><li>Pairs perfectly with our BMW speaker upgrade kit</li></ul><h3>What's included</h3><ul><li>8-channel DSP amplifier</li><li>BMW plug-in harness</li><li>Tuning when supplied and fitted</li></ul><h3>Compatibility</h3><ul><li>BMW F-series and G-series with standard or hi-fi audio</li><li>Send us your reg and we'll confirm the harness for your car</li></ul><h3>Fitted at our Dublin 12 workshop</h3><p>Choose <strong>Supplied &amp; fitted</strong> above and our technicians fit it at our workshop in Ballymount, Dublin 12, with hidden wiring and everything tested before you drive away. Book a slot with a <strong>€50 deposit</strong> (it comes off your final bill), or send us your reg on WhatsApp and we'll confirm it suits your car first.</p>",MG Car Audio,Vehicles & Parts > Vehicle Parts & Accessories > Motor Vehicle Electronics > Motor Vehicle Equalizers & Crossovers > Digital Sound Processors,Amplifier,"amplifiers, make:BMW, type:amplifier, demo-placeholder",TRUE,Active,MG-AMP-BMW-DSP,,Fitting,Product only,,,,,,,,399.00,,,TRUE,,,,,,shopify,4,DENY,1200,g,TRUE,manual,https://images.unsplash.com/photo-1546933751-ab7b6e888c66?w=1600&q=80&fm=jpg,1,"Car interior seen through the open door, with door speakers",,FALSE,BMW Plug-and-Play DSP Amplifier | MG Car Audio,"8-channel DSP amplifier for BMW F and G-series that plugs into the factory harness, tuned to your car. Supplied and fitted in Dublin 12.",,,,,,,,New,TRUE,,,,,,BMW,"1 Series (F20/F21)
3 Series (F30/F31)
4 Series (F32/F33/F36)
3 Series (G20/G21)
5 Series (G30/G31)",,€549
,bmw-plug-and-play-dsp-amplifier,,,,,,,,MG-AMP-BMW-DSP-FIT,,,Supplied & fitted,,,,,,,,549.00,,,TRUE,,,,,,shopify,4,DENY,1200,g,TRUE,manual,,,,,,,,,,,,,,,,,,,,,,,,,
4 AWG Amplifier Wiring Kit,amplifier-wiring-kit-4awg,"<p><strong>Everything you need to power an amplifier safely.</strong> The same kit we use in our own installs.</p><h3>What's included</h3><ul><li>5m 4 AWG power cable and 1m earth cable</li><li>Inline fuse holder and 80A fuse</li><li>5m twin RCA lead and remote wire</li><li>Ring terminals and cable ties</li></ul><h3>Good to know</h3><ul><li>Suits amplifiers up to about 800W RMS</li><li>Included at no extra cost when you choose Supplied & fitted on any of our amplifiers</li></ul><h3>Collect or have it fitted in Dublin 12</h3><p>Order online and collect from our workshop in Ballymount, Dublin 12, or we deliver across Ireland. Want it fitted? Add it to any fitting booking and we'll install it while your car is with us.</p>",MG Car Audio,Vehicles & Parts > Vehicle Parts & Accessories > Motor Vehicle Electronics,Accessory,"amplifiers, accessories, make:Universal, type:accessory, demo-placeholder",TRUE,Active,MG-ACC-AMPKIT-4,,Title,Default Title,,,,,,,,59.00,,,TRUE,,,,,,shopify,15,DENY,1800,g,TRUE,manual,https://mg-car-audio-q8due7cj.myshopify.com/cdn/shop/t/3/assets/mg-img-panel-promise.webp,1,Technician's hands routing wiring in a car,,FALSE,4 AWG Car Amplifier Wiring Kit | MG Car Audio,"Complete 4 AWG amplifier wiring kit with fuse holder, RCA lead and remote wire. Collect from our Dublin 12 workshop or have it fitted.",,,,,,,,New,TRUE,,,,,,Universal,,,
"MG Select 2K Front Dash Cam, Wi-Fi & GPS",mg-select-2k-front-dash-cam,"<p><strong>A small, discreet dash cam that records every drive in sharp 2K.</strong> Tucks behind the mirror so you barely see it.</p><h3>Why drivers choose it</h3><ul><li>2K (1440p) front recording with wide-angle lens</li><li>Wi-Fi app to view and save clips on your phone</li><li>GPS speed and location on your footage</li><li>Automatic incident recording when a bump is detected</li></ul><h3>What's included</h3><ul><li>Front dash cam with adhesive mount</li><li>32GB microSD card</li><li>12V power lead (hard-wire kit available)</li></ul><h3>Compatibility</h3><ul><li>Fits any car</li><li>Parking mode needs our Dash Cam Hard-Wire Kit</li></ul><h3>Fitted at our Dublin 12 workshop</h3><p>Choose <strong>Supplied &amp; fitted</strong> above and our technicians fit it at our workshop in Ballymount, Dublin 12, with hidden wiring and everything tested before you drive away. Book a slot with a <strong>€50 deposit</strong> (it comes off your final bill), or send us your reg on WhatsApp and we'll confirm it suits your car first.</p>",MG Car Audio,Vehicles & Parts > Vehicle Parts & Accessories > Motor Vehicle Electronics,Dash Cam,"dashcams, make:Universal, type:dashcam, demo-placeholder",TRUE,Active,MG-CAM-DASH-2K,,Fitting,Product only,,,,,,,,119.00,,,TRUE,,,,,,shopify,12,DENY,300,g,TRUE,manual,https://images.unsplash.com/photo-1643686978040-beac9782e58b?w=1600&q=80&fm=jpg,1,Dash cam mounted behind the rear-view mirror,,FALSE,2K Front Dash Cam with Wi-Fi & GPS | MG Car Audio,"Discreet 2K front dash cam with Wi-Fi app, GPS and incident recording. Supplied, or hard-wired with no trailing cables in Dublin 12.",,,,,,,,New,TRUE,,,,,,Universal,,,€198
,mg-select-2k-front-dash-cam,,,,,,,,MG-CAM-DASH-2K-FIT,,,Supplied & fitted,,,,,,,,198.00,,,TRUE,,,,,,shopify,12,DENY,300,g,TRUE,manual,,,,,,,,,,,,,,,,,,,,,,,,,
"MG Select Front & Rear Dash Cam, 2K + 1080p",mg-select-front-rear-dash-cam,"<p><strong>Cover both ends of the car.</strong> 2K at the front and Full HD at the back, hard-wired so there are no cables across your dash.</p><h3>Why drivers choose it</h3><ul><li>2K front and 1080p rear cameras</li><li>Wi-Fi app and GPS</li><li>Parking mode when hard-wired</li><li>Loop recording with automatic incident protection</li></ul><h3>What's included</h3><ul><li>Front and rear cameras with mounts</li><li>Rear camera cable and 64GB microSD card</li><li>12V power lead</li></ul><h3>Compatibility</h3><ul><li>Fits most cars, vans and SUVs</li><li>Supplied & fitted includes hard-wiring and parking mode set-up</li></ul><h3>Fitted at our Dublin 12 workshop</h3><p>Choose <strong>Supplied &amp; fitted</strong> above and our technicians fit it at our workshop in Ballymount, Dublin 12, with hidden wiring and everything tested before you drive away. Book a slot with a <strong>€50 deposit</strong> (it comes off your final bill), or send us your reg on WhatsApp and we'll confirm it suits your car first.</p>",MG Car Audio,Vehicles & Parts > Vehicle Parts & Accessories > Motor Vehicle Electronics,Dash Cam,"dashcams, best-sellers, make:Universal, type:dashcam, demo-placeholder",TRUE,Active,MG-CAM-DASH-FR,,Fitting,Product only,,,,,,,,179.00,,,TRUE,,,,,,shopify,10,DENY,500,g,TRUE,manual,https://images.unsplash.com/photo-1643686978109-499f1e9d4bd1?w=1600&q=80&fm=jpg,1,Driver's view of a dash cam on the windscreen while driving on a motorway,,FALSE,"Front & Rear Dash Cam 2K, Hard-Wired | MG Car Audio","Front and rear dash cam, 2K + 1080p, with Wi-Fi, GPS and parking mode. Supplied, or hard-wired with no trailing cables in Dublin 12.",,,,,,,,New,TRUE,,,,,,Universal,,,€288
,mg-select-front-rear-dash-cam,,,,,,,,MG-CAM-DASH-FR-FIT,,,Supplied & fitted,,,,,,,,288.00,,,TRUE,,,,,,shopify,10,DENY,500,g,TRUE,manual,,,,,,,,,,,,,,,,,,,,,,,,,
MG Select 4K Front & Rear Dash Cam with Parking Mode,mg-select-4k-front-rear-dash-cam,"<p><strong>Our best dash cam:</strong> 4K front recording for reading number plates, 2K at the rear and 24-hour parking mode.</p><h3>Why drivers choose it</h3><ul><li>4K front and 2K rear recording</li><li>Night vision sensor for clear footage after dark</li><li>24-hour parking mode with low-voltage protection</li><li>5GHz Wi-Fi for fast clip downloads, plus GPS</li></ul><h3>What's included</h3><ul><li>Front and rear cameras with mounts</li><li>128GB microSD card</li><li>Hard-wire kit</li></ul><h3>Compatibility</h3><ul><li>Fits most cars, vans and SUVs</li><li>Supplied & fitted includes hard-wiring and set-up on your phone</li></ul><h3>Fitted at our Dublin 12 workshop</h3><p>Choose <strong>Supplied &amp; fitted</strong> above and our technicians fit it at our workshop in Ballymount, Dublin 12, with hidden wiring and everything tested before you drive away. Book a slot with a <strong>€50 deposit</strong> (it comes off your final bill), or send us your reg on WhatsApp and we'll confirm it suits your car first.</p>",MG Car Audio,Vehicles & Parts > Vehicle Parts & Accessories > Motor Vehicle Electronics,Dash Cam,"dashcams, make:Universal, type:dashcam, demo-placeholder",TRUE,Active,MG-CAM-DASH-4K,,Fitting,Product only,,,,,,,,249.00,289.00,,TRUE,,,,,,shopify,6,DENY,600,g,TRUE,manual,https://mg-car-audio-q8due7cj.myshopify.com/cdn/shop/t/3/assets/mg-img-sys-dashcam.webp,1,"Dash camera mounted on the windscreen at dusk, with traffic lights beyond",,FALSE,4K Front & Rear Dash Cam with Parking Mode | MG Car Audio,"4K front and 2K rear dash cam with night vision, 24-hour parking mode, Wi-Fi and GPS. Supplied and hard-wired at our Dublin 12 workshop.",,,,,,,,New,TRUE,,,,,,Universal,,,€358
,mg-select-4k-front-rear-dash-cam,,,,,,,,MG-CAM-DASH-4K-FIT,,,Supplied & fitted,,,,,,,,358.00,398.00,,TRUE,,,,,,shopify,6,DENY,600,g,TRUE,manual,,,,,,,,,,,,,,,,,,,,,,,,,
Dash Cam Hard-Wire Kit with Parking Mode,dash-cam-hardwire-kit,"<p><strong>Power your dash cam from the fuse box</strong> for a clean install with no cable in the 12V socket, and parking mode that protects your battery.</p><h3>What's included</h3><ul><li>Hard-wire cable with low-voltage cut-off</li><li>Add-a-fuse taps (mini, micro and standard)</li><li>USB-C and mini-USB connectors</li></ul><h3>Good to know</h3><ul><li>Low-voltage cut-off at 11.8V or 12.2V, so your car always starts</li><li>Included free with any dash cam you choose Supplied & fitted</li></ul><h3>Collect or have it fitted in Dublin 12</h3><p>Order online and collect from our workshop in Ballymount, Dublin 12, or we deliver across Ireland. Want it fitted? Add it to any fitting booking and we'll install it while your car is with us.</p>",MG Car Audio,Vehicles & Parts > Vehicle Parts & Accessories > Motor Vehicle Electronics,Accessory,"dashcams, accessories, make:Universal, type:accessory, demo-placeholder",TRUE,Active,MG-ACC-DASH-HW,,Title,Default Title,,,,,,,,29.00,,,TRUE,,,,,,shopify,20,DENY,150,g,TRUE,manual,https://images.unsplash.com/photo-1750268375449-81b7edb348bf?w=1600&q=80&fm=jpg,1,Close-up of a USB-C socket in a car interior,,FALSE,"Dash Cam Hard-Wire Kit, Parking Mode | MG Car Audio","Hard-wire kit for dash cams with low-voltage cut-off and fuse taps, for parking mode without a flat battery. Collect in Dublin 12.",,,,,,,,New,TRUE,,,,,,Universal,,,
Dash Cam Hard-Wiring Installation,dash-cam-installation,"<p><strong>No trailing cables, no 12V socket taken up.</strong> We hard-wire your front or front-and-rear dash cam into the fuse box, with the cables hidden in the headliner and trim.</p><h3>What's included</h3><ul><li>Hard-wiring to the fuse box with a low-voltage cut-off</li><li>Cables hidden in the headliner and pillar trim</li><li>Rear camera cable routed to the rear screen (front and rear cams)</li><li>Parking mode and app set-up on your phone</li></ul><h3>Good to know</h3><ul><li>About 1 hour for a front camera, a little longer for front and rear</li><li>Bring your own dash cam, or buy one from us Supplied & fitted</li><li>Hard-wire kit included</li></ul><h3>Fitted at our Dublin 12 workshop</h3><p>Book your slot online and we'll look after the rest at our workshop in Ballymount, Dublin 12 (Mon–Fri 9:30am–7pm, Sat 11am–7pm, Sun by appointment). A <strong>€50 deposit</strong> secures your slot and comes off your final bill. Not sure this is the right service for your car? Send us your reg and a photo of your dash on WhatsApp and we'll point you to the right one.</p>",MG Car Audio,,Installation,"dashcams, make:Universal, type:installation, demo-price, badge:Fitted in 1 hr",TRUE,Active,MG-SVC-DASH-F,,Dash cam,Front camera,,,,,,,,79.00,,,TRUE,,,,,,,,CONTINUE,,,FALSE,manual,https://images.unsplash.com/photo-1765959106936-851735565c12?w=1600&q=80&fm=jpg,1,Camera mounted on a car windscreen at sunset,,FALSE,"Dash Cam Hard-Wiring Installation, Dublin | MG Car Audio",Dash cam hard-wired to your fuse box with hidden cables and parking mode set up. About an hour at our Dublin 12 workshop.,,,,,,,,,,,,,,,Universal,,,€79
,dash-cam-installation,,,,,,,,MG-SVC-DASH-FR,,,Front & rear cameras,,,,,,,,109.00,,,TRUE,,,,,,,,CONTINUE,,,FALSE,manual,,,,,,,,,,,,,,,,,,,,,,,,,
MG Select Number-Plate Reverse Camera,mg-select-number-plate-reverse-camera,"<p><strong>A reversing camera hidden in the number-plate light</strong>, so nobody can tell it's aftermarket.</p><h3>Why drivers choose it</h3><ul><li>HD wide-angle camera in a number-plate light housing</li><li>Night vision for clear pictures after dark</li><li>Switchable parking guidelines</li><li>Waterproof to IP68</li></ul><h3>What's included</h3><ul><li>Number-plate light camera</li><li>6m video cable and reverse-light trigger wire</li></ul><h3>Compatibility</h3><ul><li>Aftermarket radios and Android screens with a camera input</li><li>Factory screens need a camera interface: see our BMW iDrive camera interface</li><li>Send us your reg and we'll confirm the housing for your car</li></ul><h3>Fitted at our Dublin 12 workshop</h3><p>Choose <strong>Supplied &amp; fitted</strong> above and our technicians fit it at our workshop in Ballymount, Dublin 12, with hidden wiring and everything tested before you drive away. Book a slot with a <strong>€50 deposit</strong> (it comes off your final bill), or send us your reg on WhatsApp and we'll confirm it suits your car first.</p>",MG Car Audio,Vehicles & Parts > Vehicle Parts & Accessories > Motor Vehicle Electronics > Motor Vehicle Parking Cameras > Backup Cameras,Reverse Camera,"reverse-cameras, make:Universal, type:reverse-camera, demo-placeholder",TRUE,Active,MG-CAM-REV-NP,,Fitting,Product only,,,,,,,,79.00,,,TRUE,,,,,,shopify,12,DENY,250,g,TRUE,manual,https://static.wixstatic.com/media/nsplsh_476749304a316870445059~mv2_d_3784_4730_s_4_2.jpg,1,Red Honda hatchback seen from the front,,FALSE,"Number-Plate Reverse Camera, HD Night Vision | MG Car Audio","HD reverse camera hidden in the number-plate light, with night vision and guidelines. Supplied and fitted at our Dublin 12 workshop.",,,,,,,,New,TRUE,,,,,,Universal,,,€229
,mg-select-number-plate-reverse-camera,,,,,,,,MG-CAM-REV-NP-FIT,,,Supplied & fitted,,,,,,,,229.00,,,TRUE,,,,,,shopify,12,DENY,250,g,TRUE,manual,,,,,,,,,,,,,,,,,,,,,,,,,
Reverse Camera Interface – BMW iDrive (CIC / NBT),bmw-idrive-reverse-camera-interface,"<p><strong>Show a reversing camera on your BMW's own iDrive screen.</strong> The interface switches the screen to the camera automatically when you select reverse.</p><h3>Why drivers choose it</h3><ul><li>Camera picture on the factory iDrive display</li><li>Switches automatically in reverse</li><li>Dynamic guidelines that move with the steering</li><li>Plug-in harness, no cutting of factory wiring</li></ul><h3>What's included</h3><ul><li>Camera interface with plug-in harness</li><li>Camera sold separately, or choose our Reverse Camera Installation for supply and fit</li></ul><h3>Compatibility</h3><ul><li>BMW iDrive CIC (approx. 2008–2013) and NBT (approx. 2013–2016) with the factory navigation screen</li><li>Send us a photo of your screen and we'll confirm your iDrive version</li></ul><h3>Fitted at our Dublin 12 workshop</h3><p>Want it fitted? Our technicians install it at our workshop in Ballymount, Dublin 12, with a neat, factory-style finish and everything tested before you drive away. Book a slot online with a <strong>€50 deposit</strong> (it comes off your final bill), or send us your reg and a photo of your dash on WhatsApp and we'll confirm it suits your car first.</p>",MG Car Audio,Vehicles & Parts > Vehicle Parts & Accessories > Motor Vehicle Electronics > Motor Vehicle Parking Cameras > Backup Cameras,Reverse Camera,"reverse-cameras, make:BMW, type:reverse-camera, demo-placeholder",TRUE,Active,MG-CAM-IF-BMW-CIC,,iDrive system,CIC (approx. 2008–2013),,,,,,,,189.00,,,TRUE,,,,,,shopify,6,DENY,300,g,TRUE,manual,https://static.wixstatic.com/media/nsplsh_78e873c389094e12934d2ecebf4b7123~mv2.jpg,1,Red BMW coupé parked in a showroom,,FALSE,BMW iDrive Reverse Camera Interface | MG Car Audio,"Show a reverse camera on your BMW's factory iDrive screen, with dynamic guidelines and a plug-in harness. Supplied and fitted in Dublin 12.",,,,,,,,New,TRUE,,,,,,BMW,"1 Series (F20/F21)
3 Series (F30/F31)
5 Series (F10/F11)
X1 (E84)
X3 (F25)",,€750
,bmw-idrive-reverse-camera-interface,,,,,,,,MG-CAM-IF-BMW-NBT,,,NBT (approx. 2013–2016),,,,,,,,189.00,,,TRUE,,,,,,shopify,6,DENY,300,g,TRUE,manual,,,,,,,,,,,,,,,,,,,,,,,,,
"Magnetic Phone Mount, Air Vent & Dash",magnetic-phone-mount,"<p><strong>Keep your phone in view and within reach</strong> with a strong magnetic mount that clips to an air vent or sticks to the dash.</p><h3>What's included</h3><ul><li>Magnetic mount with air vent clip and dash base</li><li>Two metal plates for phones and cases</li></ul><h3>Good to know</h3><ul><li>Works with MagSafe iPhones without a plate</li><li>One-hand on and off, and holds firm over bumps</li></ul><h3>Collect or have it fitted in Dublin 12</h3><p>Order online and collect from our workshop in Ballymount, Dublin 12, or we deliver across Ireland. Want it fitted? Add it to any fitting booking and we'll install it while your car is with us.</p>",MG Car Audio,Electronics > Communications > Telephony > Mobile & Smart Phone Accessories > Mobile Phone Car Mounts,Accessory,"accessories, make:Universal, type:accessory, demo-placeholder",TRUE,Active,MG-ACC-MOUNT-MAG,,Title,Default Title,,,,,,,,24.00,,,TRUE,,,,,,shopify,25,DENY,120,g,TRUE,manual,https://images.unsplash.com/photo-1764347923709-fc48487f2486?w=1600&q=80&fm=jpg,1,Smartphone showing a navigation route in a mount on a car dashboard,,FALSE,"Magnetic Car Phone Mount, Vent & Dash | MG Car Audio","Strong magnetic car phone mount for the air vent or dash, MagSafe compatible. Collect from our Dublin 12 workshop or delivered across Ireland.",,,,,,,,New,TRUE,,,,,,Universal,,,
"Dual USB-C Fast Car Charger, 45W",usb-c-fast-car-charger,"<p><strong>Fast-charge two phones at once</strong> from your car's 12V socket.</p><h3>What's included</h3><ul><li>Dual USB-C car charger, 45W total</li></ul><h3>Good to know</h3><ul><li>USB Power Delivery: up to 30W on one port</li><li>Fits 12V and 24V sockets</li><li>Compact and sits almost flush with the socket</li></ul><h3>Collect or have it fitted in Dublin 12</h3><p>Order online and collect from our workshop in Ballymount, Dublin 12, or we deliver across Ireland. Want it fitted? Add it to any fitting booking and we'll install it while your car is with us.</p>",MG Car Audio,Electronics > Electronics Accessories > Power > Power Adapters & Chargers > Car Chargers,Accessory,"accessories, make:Universal, type:accessory, demo-placeholder",TRUE,Active,MG-ACC-CHG-USBC,,Title,Default Title,,,,,,,,19.00,,,TRUE,,,,,,shopify,30,DENY,60,g,TRUE,manual,https://images.unsplash.com/photo-1752552050371-8360f9c78086?w=1600&q=80&fm=jpg,1,Pair of USB-C charging ports in a car centre console,,FALSE,Dual USB-C Fast Car Charger 45W | MG Car Audio,"Dual USB-C fast car charger, 45W with Power Delivery, charges two phones at once. Collect from our Dublin 12 workshop.",,,,,,,,New,TRUE,,,,,,Universal,,,
"CarPlay & Android Auto Data Cable, 1m",carplay-android-auto-usb-cable,"<p><strong>Dropping out of CarPlay or Android Auto?</strong> A worn cable is the most common cause. Our braided data cables are made for in-car use.</p><h3>What's included</h3><ul><li>1m braided data and charging cable (choose the connector above)</li></ul><h3>Good to know</h3><ul><li>Full data support for wired CarPlay and Android Auto</li><li>Braided jacket and strain relief for daily use</li></ul><h3>Collect or have it fitted in Dublin 12</h3><p>Order online and collect from our workshop in Ballymount, Dublin 12, or we deliver across Ireland. Want it fitted? Add it to any fitting booking and we'll install it while your car is with us.</p>",MG Car Audio,Vehicles & Parts > Vehicle Parts & Accessories > Motor Vehicle Electronics,Accessory,"accessories, make:Universal, type:accessory, demo-placeholder",TRUE,Active,MG-ACC-CBL-AL,,Connector,USB-A to Lightning,,,,,,,,15.00,,,TRUE,,,,,,shopify,40,DENY,50,g,TRUE,manual,https://images.unsplash.com/photo-1559232212-9c37e0b94ba7?w=1600&q=80&fm=jpg,1,iPhone plugged in and charging inside a car,,FALSE,CarPlay & Android Auto USB Cable 1m | MG Car Audio,"Braided 1m data cable for wired CarPlay and Android Auto, USB-A or USB-C to Lightning or USB-C. Collect in Dublin 12.",,,,,,,,New,TRUE,,,,,,Universal,,,
,carplay-android-auto-usb-cable,,,,,,,,MG-ACC-CBL-CL,,,USB-C to Lightning,,,,,,,,15.00,,,TRUE,,,,,,shopify,40,DENY,50,g,TRUE,manual,,,,,,,,,,,,,,,,,,,,,,,,,
,carplay-android-auto-usb-cable,,,,,,,,MG-ACC-CBL-AC,,,USB-A to USB-C,,,,,,,,15.00,,,TRUE,,,,,,shopify,40,DENY,50,g,TRUE,manual,,,,,,,,,,,,,,,,,,,,,,,,,
,carplay-android-auto-usb-cable,,,,,,,,MG-ACC-CBL-CC,,,USB-C to USB-C,,,,,,,,15.00,,,TRUE,,,,,,shopify,40,DENY,50,g,TRUE,manual,,,,,,,,,,,,,,,,,,,,,,,,,
Steering Wheel Control Interface,steering-wheel-control-interface,"<p><strong>Keep your steering wheel buttons working</strong> when you fit a new radio.</p><h3>What's included</h3><ul><li>Steering wheel control interface with car-specific lead</li></ul><h3>Compatibility</h3><ul><li>Most cars with steering wheel audio buttons</li><li>Works with Android radios and most aftermarket head units</li><li>Send us your reg and we'll supply the right lead</li></ul><h3>Collect or have it fitted in Dublin 12</h3><p>Order online and collect from our workshop in Ballymount, Dublin 12, or we deliver across Ireland. Want it fitted? Add it to any fitting booking and we'll install it while your car is with us.</p>",MG Car Audio,Vehicles & Parts > Vehicle Parts & Accessories > Motor Vehicle Electronics,Accessory,"accessories, android-radios, make:Universal, type:accessory, demo-placeholder",TRUE,Active,MG-ACC-SWC,,Title,Default Title,,,,,,,,69.00,,,TRUE,,,,,,shopify,12,DENY,150,g,TRUE,manual,https://images.unsplash.com/photo-1470948062737-aeb014e274c2?w=1600&q=80&fm=jpg,1,Car stereo with blue illuminated buttons in a dark dashboard,,FALSE,Steering Wheel Control Interface | MG Car Audio,Keep your steering wheel audio buttons working with a new radio. Car-specific lead included. Collect or have it fitted in Dublin 12.,,,,,,,,New,TRUE,,,,,,Universal,,,
Double-DIN Fascia Kit & Harness Adapter,double-din-fascia-kit,"<p><strong>The parts that make a new radio look factory-fitted:</strong> a colour-matched fascia and a plug-in harness for your car.</p><h3>What's included</h3><ul><li>Car-specific double-DIN fascia</li><li>ISO harness adapter and aerial adapter</li></ul><h3>Compatibility</h3><ul><li>We stock kits for most European, Japanese and Korean cars</li><li>Send us your reg and we'll pick the right kit before we ship</li></ul><h3>Collect or have it fitted in Dublin 12</h3><p>Order online and collect from our workshop in Ballymount, Dublin 12, or we deliver across Ireland. Want it fitted? Add it to any fitting booking and we'll install it while your car is with us.</p>",MG Car Audio,Vehicles & Parts > Vehicle Parts & Accessories > Motor Vehicle Electronics,Accessory,"accessories, make:Universal, type:accessory, demo-placeholder",TRUE,Active,MG-ACC-FASCIA-2DIN,,Title,Default Title,,,,,,,,49.00,,,TRUE,,,,,,shopify,15,DENY,500,g,TRUE,manual,https://images.unsplash.com/photo-1523987659364-8ad26ea657ef?w=1600&q=80&fm=jpg,1,Radio fitted in a car dashboard between the air vents,,FALSE,Double-DIN Fascia Kit & Harness Adapter | MG Car Audio,Car-specific double-DIN fascia kit with ISO harness and aerial adapter for a factory-look radio fit. Collect or fitted in Dublin 12.,,,,,,,,New,TRUE,,,,,,Universal,,,
MG Car Audio Gift Voucher,mg-car-audio-gift-voucher,"<p><strong>Give the gift of a better drive.</strong> Our gift vouchers can be spent on anything in store, from speakers and dash cams to CarPlay fitting.</p><h3>What's included</h3><ul><li>A digital gift voucher sent by email</li><li>Spend it online or at our workshop</li></ul><h3>Good to know</h3><ul><li>Valid for 5 years from purchase</li><li>Can be used across more than one order</li></ul><h3>Spend it at our Dublin 12 workshop</h3><p>Redeem online at checkout or in person at Unit 3, Ballymount Business Centre, Dublin 12.</p>",MG Car Audio,Gift Cards,Gift Card,"gift-vouchers, demo-placeholder",TRUE,Active,MG-GIFT-50,,Denomination,€50,,,,,,,,50.00,,,FALSE,,,,,,,,CONTINUE,,,FALSE,manual,https://images.unsplash.com/photo-1671150590216-f138600130ce?w=1600&q=80&fm=jpg,1,White gift box with a red ribbon bow on a red background,,TRUE,Gift Vouchers | MG Car Audio,"MG Car Audio gift vouchers from €50, spendable on products and fitting online or at our Dublin 12 workshop.",,,,,,,,,,,,,,,,,,
,mg-car-audio-gift-voucher,,,,,,,,MG-GIFT-100,,,€100,,,,,,,,100.00,,,FALSE,,,,,,,,CONTINUE,,,FALSE,manual,,,,,,,,,,,,,,,,,,,,,,,,,
,mg-car-audio-gift-voucher,,,,,,,,MG-GIFT-250,,,€250,,,,,,,,250.00,,,FALSE,,,,,,,,CONTINUE,,,FALSE,manual,,,,,,,,,,,,,,,,,,,,,,,,,
